name;image;alt;category;subcategory;url;description;topp25;forside;ny;annonse;tags;rank;ukensAnbefalte
AliExpress;assets/images/butikker/aliexpress.png;AliExpress;"""Alt-mulig butikker"",";['Gadgets og tilbehør'];https://www.aliexpress.com;Verdens største markedsplass for billig tilbehør, klær, gadgets og mer. Frakt til Norge.;false;false;true;false;"[elektronikk""""dingser""""nyttig""""tech""]"",";;
Temu;assets/images/butikker/temu.png;Temu;"""Alt-mulig butikker"",";['Gadgets og tilbehør'];https://www.temu.com;Temu tilbyr alt fra klær til gadgets med svært lave priser og rask frakt.;false;false;true;false;"[elektronikk""""dingser""""nyttig""""tech""]"",";;
Wish;assets/images/butikker/wish.png;Wish;"""Alt-mulig butikker"",";['Gadgets og tilbehør'];https://www.wish.com;Wish er kjent for sine ekstremt lave priser på gadgets, klær og tilbehør.;false;false;true;false;"[elektronikk""""dingser""""nyttig""""tech""]"",";;
Banggood;assets/images/butikker/banggood.png;Banggood;"""Alt-mulig butikker"",";['Gadgets og tilbehør'];https://www.banggood.com;Banggood tilbyr et bredt utvalg av gadgets, elektronikk og tilbehør med internasjonal frakt.;false;false;true;false;"[elektronikk""""dingser""""nyttig""""tech""]"",";;
Joom;assets/images/butikker/joom.png;Joom;"""Alt-mulig butikker"",";['Gadgets og tilbehør'];https://www.joom.com;Joom er en nettbutikk med fokus på lave priser og gratis frakt på et bredt utvalg av produkter.;false;false;true;false;"[elektronikk""""dingser""""nyttig""""tech""]"",";;
Grandado;assets/images/butikker/grandado.png;Grandado;"""Alt-mulig butikker"",";['Gadgets og tilbehør'];https://nor.grandado.com/;Grandado er en internasjonal nettbutikk med et bredt utvalg av rimelige produkter, inkludert klær, elektronikk og husholdningsartikler. ;false;false;true;false;"[elektronikk""""dingser""""nyttig""""tech""]"",";;
DHGate;assets/images/butikker/dhgate.png;DHGate;"""Alt-mulig butikker"",";['Grossist og dropshipping'];https://www.dhgate.com;Populær engrosplattform for dropshipping og grossistvarer. Alt fra gadgets til klær.;false;false;true;false;"[elektronikk""""dingser""""nyttig""""tech""]"",";;
LightInTheBox;assets/images/butikker/lightinthebox.png;LightInTheBox;"""Alt-mulig butikker"",";['Gadgets og tilbehør'];https://www.lightinthebox.com/no;Kjent global nettbutikk med klær, tilbehør, interiør og gadgets. Lave priser og direkte frakt.;false;false;true;false;"[elektronikk""""dingser""""nyttig""""tech""]"",";;
AskeladdenNavnelapper.no;assets/images/butikker/askeladden.png;Askeladden;"""Barn og baby"",";['Babyutstyr'];https://www.askeladdennavnelapper.no;Praktiske navnelapper for klær og utstyr.;false;false;false;false;"[baby""""barnevogn""""bleier""""småbarn""]"",";;
Mimmis.no;assets/images/butikker/mimmis.png;Mimmis;"""Barn og baby"",";['Babyutstyr'];https://www.mimmis.no;Bilstoler, vogner, bæreseler og babyutstyr.;false;false;false;false;"[baby""""barnevogn""""bleier""""småbarn""]"",";;
Lekeakademiet.no;assets/images/butikker/lekeakademiet.png;Lekeakademiet;"""Barn og baby"",";['Leker'];https://www.lekeakademiet.no;Leker som stimulerer barns utvikling og læring.;false;false;false;false;"[baby""""barnevogn""""bleier""""småbarn""]"",";;
Lekia;assets/images/butikker/lekia.png;Lekia;"""Barn og baby"",";['Leker'];https://www.lekia.no;"Lekia tilbyr produkter for ""Barn og baby"",, med fokus på kvalitet, komfort og lek.";true;false;false;false;"[baby""""barnevogn""""bleier""""småbarn""]"",";19;
RiktigeLeker.no;assets/images/butikker/sprell.png;Riktige Leker;"""Barn og baby"",";['Leker'];https://www.riktigeleker.no;Kvalitetsleker og babyleker for alle aldre.;false;false;false;false;"[baby""""barnevogn""""bleier""""småbarn""]"",";;
Ark.no;assets/images/butikker/ark.png;Ark.no;Bøker og media;['Barnebøker'];https://www.ark.no;Bestselgere, barnebøker, lydbøker og e-bøker.;false;false;true;false;"[barn""""bøker""""lesing""""eventyr""]"",";;
Bokkilden;assets/images/butikker/bokkilden.png;Bokkilden;Bøker og media;['Bøker og e-bøker'];https://www.bokkilden.no;Bøker, filmer, musikk og spill.;false;false;false;false;"[barn""""bøker""""lesing""""eventyr""]"",";;
Adlibris;assets/images/butikker/adlibris.png;Adlibris;Bøker og media;['Bøker og e-bøker'];https://www.adlibris.com/no;Bøker, filmer, musikk og spill.;false;false;false;false;"[barn""""bøker""""lesing""""eventyr""]"",";;
Norli.no;assets/images/butikker/norli.png;Norli;Bøker og media;['Bøker og e-bøker'];https://www.norli.no;En av Norges største bokhandler med stort utvalg av bøker og e-bøker.;false;false;true;false;"[barn""""bøker""""lesing""""eventyr""]"",";;
Fabel;assets/images/butikker/fabel.png;Fabel;Bøker og media;['Lyd- og lydbøker'];https://www.fabel.no;Norsk strømmetjeneste for lydbøker og fortellinger.;false;false;true;false;"[barn""""bøker""""lesing""""eventyr""]"",";;
CDON;assets/images/butikker/cdon.png;CDON;"""Elektronikk og data"",";['Elektronikk'];https://cdon.no;CDON tilbyr alt innen elektronikk, lyd, bilde og teknologi til konkurransedyktige priser.;true;false;false;false;"[tech""""dings""""elektrisk""""teknologi""]"",";6;
Clas Ohlson;assets/images/butikker/clasohlson.png;Clas Ohlson;"""Elektronikk og data"",";['Elektronikk'];https://www.clasohlson.com/no/;Praktiske produkter for hjem, fritid og kontor – inkludert verktøy, belysning, lyd og smarte løsninger.;true;false;false;false;"[tech""""dings""""elektrisk""""teknologi""]"",";7;
Elkjøp;assets/images/butikker/elkjop.png;Elkjøp;"""Elektronikk og data"",";['Elektronikk'];https://www.elkjop.no;Elkjøp tilbyr alt innen elektronikk, lyd, bilde og teknologi til konkurransedyktige priser.;true;true;false;false;"[tech""""dings""""elektrisk""""teknologi""]"",";9;
HiFiKlubben.no;assets/images/butikker/hifiklubben.png;HiFi Klubben;"""Elektronikk og data"",";['Elektronikk'];https://www.hifiklubben.no;Høyttalere, forsterkere og lydprodukter i toppklasse.;false;false;false;false;"[tech""""dings""""elektrisk""""teknologi""]"",";;
iTech.no;assets/images/butikker/itech.png;iTech;"""Elektronikk og data"",";['Elektronikk'];https://www.itech.no;Apple-produkter og tilbehør.;false;false;false;false;"[tech""""dings""""elektrisk""""teknologi""]"",";;
Kjell.com;assets/images/butikker/kjell.png;Kjell & Company;"""Elektronikk og data"",";['Elektronikk'];https://www.kjell.com;Smarthus, kabler og småelektronikk.;false;false;false;false;"[tech""""dings""""elektrisk""""teknologi""]"",";;
Soundgarden.no;assets/images/butikker/soundgarden.png;Soundgarden;"""Elektronikk og data"",";['Elektronikk'];https://www.soundgarden.no;Ekspertbutikk på kvalitetslyd og hjemmekino. Tilbyr anlegg, forsterkere og hodetelefoner fra kjente merker.;false;false;false;false;"[tech""""dings""""elektrisk""""teknologi""]"",";;
Tek.no;assets/images/butikker/tek.png;Tek.no;"""Elektronikk og data"",";['Elektronikk'];https://www.tek.no;Teknologinyheter og produktanbefalinger.;false;false;false;false;"[tech""""dings""""elektrisk""""teknologi""]"",";;
Teknikmagasinet.no;assets/images/butikker/teknikmagasinet.png;Teknikmagasinet;"""Elektronikk og data"",";['Elektronikk'];https://www.teknikmagasinet.no;Gadgets, gaming og duppeditter.;false;false;false;false;"[tech""""dings""""elektrisk""""teknologi""]"",";;
Multicom.no;assets/images/butikker/multicom.png;Multicom;"""Elektronikk og data"",";['Elektronikk'];https://www.multicom.no;Multicom tilbyr et bredt utvalg av datamaskiner, komponenter og tilbehør.;false;false;false;false;"[tech""""dings""""elektrisk""""teknologi""]"",";;
NetOnNet.no;assets/images/butikker/netonnet.png;NetOnNet;"""Elektronikk og data"",";['Gamingutstyr og komponenter', 'Elektronikk'];https://www.netonnet.no;"Elektronikkbutikk med ""Direkte fra lageret""-konsept. Tilbyr datamaskiner, skjermer og lydprodukter til lave priser.";false;false;false;false;"false[tech""""dings""""elektrisk"",";;
Power.no;assets/images/butikker/power.png;Power;"""Elektronikk og data"",";['Gamingutstyr og komponenter', 'Elektronikk'];https://www.power.no;Power.no tilbyr alt innen elektronikk, lyd, bilde og teknologi til konkurransedyktige priser.;false;true;false;false;"false[tech""""dings""""elektrisk"",";21;
Komplett;assets/images/butikker/komplett.png;Komplett;"""Elektronikk og data"",";['Gamingutstyr og komponenter'];https://www.komplett.no;Komplett tilbyr alt innen elektronikk, lyd, bilde og teknologi til konkurransedyktige priser.;true;true;false;false;"[tech""""dings""""elektrisk""""teknologi""]"",";18;
MaxGaming;assets/images/butikker/hyperx.png;MaxGaming;"""Elektronikk og data"",";['Gamingutstyr og komponenter'];https://www.maxgaming.no;Spesialist på gamingtilbehør, mus, tastatur og utstyr for e-sport.;false;false;false;false;"[tech""""dings""""elektrisk""""teknologi""]"",";;
Proshop;assets/images/butikker/proshop.png;Proshop;"""Elektronikk og data"",";['Gamingutstyr og komponenter'];https://www.proshop.no;Et bredt sortiment av datadeler, skjermer og gamingprodukter.;false;false;false;false;"[tech""""dings""""elektrisk""""teknologi""]"",";;
SteelSeries;assets/images/butikker/steelseries.png;SteelSeries;"""Elektronikk og data"",";['Gamingutstyr og komponenter'];https://steelseries.com;Verdenskjent merke for profesjonelle gaming-headset, tastatur og mus.;false;false;false;false;"[tech""""dings""""elektrisk""""teknologi""]"",";;
Razer;assets/images/butikker/razer.png;Razer;"""Elektronikk og data"",";['Gamingutstyr og komponenter'];https://www.razer.com/eu-en/;Razer tilbyr premium spillutstyr og tilbehør for gamere.;false;false;false;false;"[tech""""dings""""elektrisk""""teknologi""]"",";;
HyperX;assets/images/butikker/hyperx.png;HyperX;"""Elektronikk og data"",";['Gamingutstyr og komponenter'];https://www.hyperxgaming.com;HyperX leverer hodetelefoner, gaming-stoler og annet tilbehør for spillere.;false;false;false;false;"[tech""""dings""""elektrisk""""teknologi""]"",";;
HiFi Klubben;assets/images/butikker/hifiklubben.png;HiFi Klubben;"""Elektronikk og data"",";['Lyd og bilde'];https://www.hifiklubben.no/;HiFi Klubben er en spesialist på kvalitetslyd og bilde, og tilbyr et bredt utvalg av høyttalere, hodetelefoner, forsterkere, platespillere og hjemmekinoanlegg fra kjente merker. De har både nettbutikk og fysiske butikker i Norge.;false;false;false;false;"[tech""""dings""""elektrisk""""teknologi""]"",";;
Telia.no;assets/images/butikker/telia.png;Telia.no;"""Elektronikk og data"",";['Mobil og nettbrett'];https://www.telia.no/;Telia er en ledende leverandør av mobil-, internett- og TV-tjenester i Norge. De tilbyr mobilabonnement, bredbånd, TV-pakker og mobiltelefoner, og var først i Norge med nasjonalt 5G-nett.;false;false;false;false;"[tech""""dings""""elektrisk""""teknologi""]"",";;
Telenor.no;assets/images/butikker/telenor.png;Telenor.no;"""Elektronikk og data"",";['Mobil og nettbrett'];https://www.telenor.no/;Telenor er en av Norges største telekommunikasjonsleverandører, og tilbyr mobilabonnement, internett, TV og sikkerhetstjenester. De fokuserer på digital sikkerhet og har lansert tjenester som Nummervarsel for å varsle om svindelforsøk.;false;false;false;false;"[tech""""dings""""elektrisk""""teknologi""]"",";;
Proshop.no;assets/images/butikker/proshop.png;Proshop.no;"""Elektronikk og data"",";['PC og tilbehør'];https://www.proshop.no/;Proshop er en nettbutikk som tilbyr et bredt utvalg av elektronikkprodukter, inkludert datamaskiner, mobiltelefoner, smarthus-løsninger, TV-er og gamingutstyr. De har konkurransedyktige priser og rask levering.;false;false;false;false;"[tech""""dings""""elektrisk""""teknologi""]"",";;
CoolStuff;assets/images/butikker/coolstuff.png;CoolStuff;"""Gaver og gadgets"",";['Gadgets og gaver'];https://www.coolstuff.no;"CoolStuff tilbyr smarte og morsomme ""Gaver og gadgets"", som skiller seg ut.";true;true;false;false;"[gaver""""dingser""""morsomt""""teknisk""]"",";;true
Firebox;assets/images/butikker/firebox.png;Firebox;"""Gaver og gadgets"",";['Gadgets og gaver'];https://www.firebox.com;Oppfinnsomme og morsomme gadgets og gaver.;false;false;false;false;"[gaver""""dingser""""morsomt""""teknisk""]"",";;
Ting.no;assets/images/butikker/ting.png;Ting;"""Gaver og gadgets"",";['Gadgets og gaver'];https://www.ting.no;Gaver, design og morsomme produkter for hjemmet.;false;false;false;false;"[gaver""""dingser""""morsomt""""teknisk""]"",";;
EnklereLiv.no;assets/images/butikker/enklereliv.png;Enklere Liv;"""Gaver og gadgets"",";['Gadgets og gaver'];https://www.enklereliv.no;Smarte løsninger for hverdagen og praktiske produkter.;false;false;false;false;"[gaver""""dingser""""morsomt""""teknisk""]"",";;
Printoz.no;assets/images/butikker/printoz.png;Printoz;"""Gaver og gadgets"",";['Gadgets og gaver'];https://www.printoz.no;Personlige gaver, firmagaver og profilprodukter med trykk.;false;false;false;false;"[gaver""""dingser""""morsomt""""teknisk""]"",";;
Apotek1.no;assets/images/butikker/apotek1.png;Apotek 1;"""Helse og egenpleie"",";['Apotek og helseprodukter'];https://www.apotek1.no;Apotek1.no tilbyr et bredt utvalg av medisiner, egenpleieprodukter og apotektjenester åalt levert rett hjem.;true;false;false;false;"[helse""""apotek""""medisin""""vitaminer""]"",";1;
Apotekhjem.no;assets/images/butikker/apotekhjem.png;Apotekhjem;"""Helse og egenpleie"",";['Apotek og helseprodukter'];https://www.apotekhjem.no;Spesialisert apotek med hjemmelevering og fokus på eldre og kronikere.;false;false;false;false;"[helse""""apotek""""medisin""""vitaminer""]"",";;
Apotera.no;assets/images/butikker/apotera.png;Apotera;"""Helse og egenpleie"",";['Apotek og helseprodukter'];https://www.apotera.no;Nytt nettapotek med stort fokus på pris og brukervennlighet.;false;false;false;false;"[helse""""apotek""""medisin""""vitaminer""]"",";;
Farmasiet;assets/images/butikker/farmasiet.png;Farmasiet;"""Helse og egenpleie"",";['Apotek og helseprodukter'];https://www.farmasiet.no;Farmasiet tilbyr et bredt utvalg av medisiner, egenpleieprodukter og apotektjenester åalt levert rett hjem.;true;true;false;false;"[helse""""apotek""""medisin""""vitaminer""]"",";11;true
KomplettApotek.no;assets/images/butikker/komplettapotek.png;Komplett Apotek;"""Helse og egenpleie"",";['Apotek og helseprodukter'];https://www.komplettapotek.no;KomplettApotek tilbyr reseptpliktige legemidler og helseprodukter med rask levering – helt digitalt.;false;false;false;false;"[helse""""apotek""""medisin""""vitaminer""]"",";;
Vitusapotek.no;assets/images/butikker/vitusapotek.png;Vitusapotek;"""Helse og egenpleie"",";['Apotek og helseprodukter'];https://www.vitusapotek.no;Trygt apotek på nett med legemidler, vitaminer, egenpleie og resepttjenester.;false;false;false;false;"[helse""""apotek""""medisin""""vitaminer""]"",";;
Mecindo.no;assets/images/butikker/mecindo.png;Mecindo.no;"""Helse og egenpleie"",";['Apotek og helseprodukter'];https://www.mecindo.no/;Mecindo er en nettbutikk for helseprodukter, og tilbyr et stort utvalg av kosttilskudd, vitaminer, personlig pleie og naturlige produkter. De har også et medlemsprogram, Mecindo Plus, med eksklusive tilbud.;false;false;false;false;"[helse""""apotek""""medisin""""vitaminer""]"",";;
Coverbrands.no;assets/images/butikker/coverbrands.png;Coverbrands.no;"""Helse og egenpleie"",";['Hud- og kroppspleie'];https://coverbrands.no/;Coverbrands er en norsk nettbutikk som spesialiserer seg på skjønnhetsprodukter, inkludert sminke, hudpleie, hårpleie og kroppspleie. De tilbyr produkter fra kjente merker og har ofte kampanjer og pakketilbud.;false;false;false;false;"[helse""""apotek""""medisin""""vitaminer""]"",";;
Blivakker.no;assets/images/butikker/blivakker.png;Blivakker;"""Helse og egenpleie"",";['Hudpleie'];https://www.blivakker.no;En av Norges største nettbutikker innen skjønnhet og velvære. Bredt sortiment innen sminke, hudpleie og hårpleie.;true;true;false;false;"[helse""""apotek""""medisin""""vitaminer""]"",";4;
Lyko.no;assets/images/butikker/lyko.png;Lyko.no;"""Helse og egenpleie"",";['Hår- og skjønnhetspleie'];https://www.lyko.com/no;Lyko er en skjønnhetsbutikk som tilbyr et bredt utvalg av hårpleie-, hudpleie- og sminkeprodukter. De fokuserer på kvalitet og har et stort sortiment fra kjente merker.;false;false;false;false;"[helse""""apotek""""medisin""""vitaminer""]"",";;
Blush.no;assets/images/butikker/blush.png;Blush.no;"""Helse og egenpleie"",";['Hår- og skjønnhetspleie'];https://www.blush.no/;Blush er en norsk nettbutikk for skjønnhetsprodukter, og tilbyr sminke, hudpleie, hårpleie og parfyme. De har et bredt utvalg av produkter fra både kjente og nisjemerker.;false;false;false;false;"[helse""""apotek""""medisin""""vitaminer""]"",";;
LookFantastic;assets/images/butikker/lookfantastic.png;LookFantastic;"""Helse og egenpleie"",";['Kosmetikk og sminke'];https://no.lookfantastic.com/;Internasjonal skjønnhetsbutikk med stort utvalg og rask frakt til Norge.;false;false;true;false;"[helse""""apotek""""medisin""""vitaminer""]"",";;
Life.no;assets/images/butikker/life.png;Life;"""Helse og egenpleie"",";['Naturlige produkter'];https://www.life.no;Helsekost og naturlig velvære.;false;false;false;false;"[helse""""apotek""""medisin""""vitaminer""]"",";;
Sunkost.no;assets/images/butikker/sunkost.png;Sunkost;"""Helse og egenpleie"",";['Naturlige produkter'];https://www.sunkost.no;Kosttilskudd, vitaminer og naturlig egenpleie.;false;false;false;false;"[helse""""apotek""""medisin""""vitaminer""]"",";;
nordicfeel.no;assets/images/butikker/nordicfeel.png;nordicfeel.no;"""Helse og egenpleie"",";['Sminke og kosmetikk'];https://www.nordicfeel.no/;Nordicfeel er en nettbutikk som tilbyr parfyme, hudpleie, hårpleie og sminkeprodukter. De har et stort utvalg av produkter fra kjente merker, og tilbyr rask levering og gode priser.;false;false;false;false;"[helse""""apotek""""medisin""""vitaminer""]"",";;
Gymgrossisten.no;assets/images/butikker/gymgrossisten.png;Gymgrossisten.no;"""Helse og egenpleie"",";['Trening og velvære'];https://www.gymgrossisten.no/;Kosttilskudd, treningsutstyr og helseprodukter.;false;false;false;false;"[helse""""apotek""""medisin""""vitaminer""]"",";;
CChobby;assets/images/butikker/cchobby.png;CChobby;"""Hobby og DIY"",";['DIY kits og prosjekter'];https://www.cchobby.no;Stor hobbybutikk med kreative produkter, DIY-kits og alt innen maling, papir, pynt og tilbehør.;false;false;true;false;"[hobby""""gjør det selv""""byggesett""]"",";;
Club Creo;assets/images/butikker/clubcreo.png;Club Creo;"""Hobby og DIY"",";['DIY kits og prosjekter'];https://www.clubcreo.com/no;Prisvinnende abonnementstjeneste med kreative hobbykit for barn. Ny pakke hver måned, ingen bindingstid.;false;false;true;false;"[hobby""""gjør det selv""""byggesett""]"",";;
hobby247;assets/images/butikker/hobby247.png;hobby247;"""Hobby og DIY"",";['DIY kits og prosjekter'];https://www.hobby247.no;Svensk hobbybutikk med norsk side. Alt innen strikking, sying, veving, leker og tilbehør. Toll og moms inkludert.;false;false;true;false;"[hobby""""gjør det selv""""byggesett""]"",";;
Hobbyhjørnet;assets/images/butikker/hobbyhjornet.png;Hobbyhjørnet;"""Hobby og DIY"",";['DIY kits og prosjekter'];https://www.hobbyhjornet.no;Nettbutikk med hobbyartikler som perler, papir, skala modeller og dekor. Fri frakt over 1000 kr.;false;false;true;false;"[hobby""""gjør det selv""""byggesett""]"",";;
Panduro;assets/images/butikker/panduro.png;Panduro;"""Hobby og DIY"",";['DIY kits og prosjekter'];https://www.panduro.com/nb-no;Skandinavias største hobbybutikk â€“ maling, perler og DIY.;false;false;true;false;"[hobby""""gjør det selv""""byggesett""]"",";;
Strikkemekka;assets/images/butikker/strikkemekka.png;Strikkemekka;"""Hobby og DIY"",";['Garn og strikk'];https://www.strikkemekka.no;Alt du trenger til strikking â€“ garn, pinner og oppskrifter.;false;false;true;false;"[hobby""""gjør det selv""""byggesett""]"",";;
Elefun;assets/images/butikker/elefun.png;Elefun;"""Hobby og DIY"",";['Radiostyrte produkter'];https://www.elefun.no;Norges største utvalg av radiostyrte produkter som biler, fly, båter og droner. Rask levering.;false;false;true;false;"[hobby""""gjør det selv""""byggesett""]"",";;
Babyshop;assets/images/butikker/babyshop-logo-200.jpg;Babyshop;"""Klær og mote"",";['Barneklær'];https://www.babyshop.no;"Babyshop tilbyr produkter for ""Barn og baby"",, med fokus på kvalitet, komfort og lek.";true;true;false;false;"[barn""""klær""""mote""""komfort""]"",";2;
Barnas Hus;assets/images/butikker/barnashus-logo.png;Barnas Hus;"""Klær og mote"",";['Barneklær'];https://www.barnashus.no;"Barnas Hus tilbyr produkter for ""Barn og baby"",, med fokus på kvalitet, komfort og lek.";true;false;false;false;"[barn""""klær""""mote""""komfort""]"",";3;
Barnevognhuset.no;assets/images/butikker/barnevognhuset.png;Barnevognhuset;"""Klær og mote"",";['Barneklær'];https://www.barnevognhuset.no;Barnevogner og alt til trilletur og reise.;false;false;false;false;"[barn""""klær""""mote""""komfort""]"",";;
Cubus.no;assets/images/butikker/cubus.png;Cubus;"""Klær og mote"",";['Barneklær'];https://cubus.com/no/;"Cubus.no tilbyr produkter for ""Barn og baby"",, med fokus på kvalitet, komfort og lek.";true;false;false;false;"[barn""""klær""""mote""""komfort""]"",";8;
Ellos;assets/images/butikker/ellos.png;Ellos;"""Klær og mote"",";['Barneklær'];https://www.ellos.no;"Ellos tilbyr produkter for ""Barn og baby"",, med fokus på kvalitet, komfort og lek.";true;false;false;false;"[barn""""klær""""mote""""komfort""]"",";10;
Guttelus;assets/images/butikker/guttelus-logo--200x201.jpg;Guttelus;"""Klær og mote"",";['Barneklær'];https://www.guttelus.no;"Guttelus tilbyr produkter for ""Barn og baby"",, med fokus på kvalitet, komfort og lek.";true;false;false;false;"[barn""""klær""""mote""""komfort""]"",";13;
Jollyroom;assets/images/butikker/jollyroom.jpg;Jollyroom;"""Klær og mote"",";['Barneklær'];https://www.jollyroom.no;Nordens største nettbutikk for barneutstyr. Alt fra klær og leker til vogner, senger og bilstoler.;true;true;false;false;"[barn""""klær""""mote""""komfort""]"",";16;
Nameit.com;assets/images/butikker/nameit.png;Name It;"""Klær og mote"",";['Barneklær'];https://www.nameit.com/no-no/home;Moderne barneklær og mammaklær.;false;false;false;false;"[barn""""klær""""mote""""komfort""]"",";;
Rudo;assets/images/butikker/rudo.png;Rudo;"""Klær og mote"",";['Barneklær'];https://www.rudo.no;"Rudo tilbyr produkter for ""Barn og baby"",, med fokus på kvalitet, komfort og lek.";true;false;false;false;"[barn""""klær""""mote""""komfort""]"",";22;
Babyplan.no;assets/images/butikker/babyplan.png;Babyplan;"""Klær og mote"",";['Barneklær'];https://www.babyplan.no;Produkter for prøvere, gravide og småbarnsforeldre.;false;false;false;false;"[barn""""klær""""mote""""komfort""]"",";;
Lekmer.no;assets/images/butikker/lekmer.png;Lekmer;"""Klær og mote"",";['Barneklær'];https://lekmer.no;Lekmer.no tilbyr leker, klær og utstyr for barn i alle aldre.;false;false;false;false;"[barn""""klær""""mote""""komfort""]"",";;
Lilleprinsen.no;assets/images/butikker/lilleprinsen.png;Lilleprinsen;"""Klær og mote"",";['Barneklær'];https://www.lilleprinsen.no;Babyutstyr og barneprodukter med fokus på kvalitet.;false;false;false;false;"[barn""""klær""""mote""""komfort""]"",";;
Smaaungene.no;assets/images/butikker/smaaungene.png;Smaaungene;"""Klær og mote"",";['Barneklær'];https://www.smaaungene.no;Ullklær og praktisk utstyr for baby og barn.;false;false;false;false;"[barn""""klær""""mote""""komfort""]"",";;
Lekmer;assets/images/butikker/lekmer.png;Lekmer;"""Klær og mote"",";['Barneklær'];https://www.lekmer.no;Leker, barneklær, barnevogner og interiør til barn.;false;false;false;false;"[barn""""klær""""mote""""komfort""]"",";;
Extra Leker;assets/images/butikker/extraleker.png;Extra Leker;"""Klær og mote"",";['Barneklær'];https://www.extra-leker.no;Leker og spill til barn i alle aldre.;false;false;false;false;"[barn""""klær""""mote""""komfort""]"",";;
Aboutyou.no;/assets/images/butikker/about-you.png;About You;"""Klær og mote"",";['Dameklær'];https://www.aboutyou.no;Stort utvalg av merker og mote.;false;false;false;false;"[barn""""klær""""mote""""komfort""]"",";;
BikBok.com;assets/images/butikker/bik-bok.png;Bik Bok;"""Klær og mote"",";['Dameklær'];https://www.bikbok.com;Mote for unge kvinner.;false;false;false;false;"[barn""""klær""""mote""""komfort""]"",";;
Boozt;assets/images/butikker/boozt.png;Boozt;"""Klær og mote"",";['Dameklær'];https://www.boozt.com;Boozt tilbyr moderne og tidløse klær for alle anledninger åbåde til dame, herre og barn.;true;true;false;false;"[barn""""klær""""mote""""komfort""]"",";5;
Bubbleroom.com;assets/images/butikker/bubbleroom.png;Bubbleroom;"""Klær og mote"",";['Dameklær'];https://www.bubbleroom.com;Kjoler og festklær til dame.;false;false;false;false;"[barn""""klær""""mote""""komfort""]"",";;
H&M;assets/images/butikker/hm.png;H&M;"""Klær og mote"",";['Dameklær'];https://www.hm.com/no;H&M tilbyr moderne og tidløse klær for alle anledninger åbåde til dame, herre og barn.;true;false;false;false;"[barn""""klær""""mote""""komfort""]"",";14;
Lindex.no;assets/images/butikker/lindex.png;Lindex;"""Klær og mote"",";['Dameklær'];https://www.lindex.no;Klær og undertøy til dame og barn.;false;false;false;false;"[barn""""klær""""mote""""komfort""]"",";;
Nelly.com;assets/images/butikker/nelly.png;Nelly;"""Klær og mote"",";['Dameklær'];https://www.nelly.com;Trendklær og kjoler for damer.;false;false;false;false;"[barn""""klær""""mote""""komfort""]"",";;
Zalando;assets/images/butikker/zalando.png;Zalando;"""Klær og mote"",";['Dameklær'];https://www.zalando.no;Zalando tilbyr moderne og tidløse klær for alle anledninger åbåde til dame, herre og barn.;true;true;false;false;"[barn""""klær""""mote""""komfort""]"",";;
Zizzi.no;assets/images/butikker/zizzi.png;Zizzi;"""Klær og mote"",";['Dameklær'];https://www.zizzi.no;Zizzi tilbyr moderne plussize-mote for kvinner med fokus på komfort og stil.;false;false;false;false;"[barn""""klær""""mote""""komfort""]"",";;
Miinto.no;assets/images/butikker/miinto.png;Miinto;"""Klær og mote"",";['Dameklær'];https://www.miinto.no;"Miinto samler ""Klær og mote"", fra lokale butikker i Norge.";false;false;false;false;"[barn""""klær""""mote""""komfort""]"",";;
Bjørnklær.no;assets/images/butikker/bjornklader.png;Bjørnklær.no;"""Klær og mote"",";['Herreklær'];https://www.bjornklader.no;Arbeidsklær og fritidsklær for aktive mennesker.;false;false;false;false;"[barn""""klær""""mote""""komfort""]"",";;
Bogartstore.no;assets/images/butikker/bogart.png;Bogart;"""Klær og mote"",";['Herreklær'];https://www.bogartstore.no;Klassisk og moderne herremote.;false;false;false;false;"[barn""""klær""""mote""""komfort""]"",";;
Dressmann.com;assets/images/butikker/dressmann.png;Dressmann;"""Klær og mote"",";['Herreklær'];https://www.dressmann.com;Basisplagg og formelle klær.;false;false;false;false;"[barn""""klær""""mote""""komfort""]"",";;
JackAndJones.com;assets/images/butikker/jack-og-jones.png;Jack & Jones;"""Klær og mote"",";['Herreklær'];https://www.jackjones.com;Moderne herremote for menn.;false;false;false;false;"[barn""""klær""""mote""""komfort""]"",";;
Volt.no;assets/images/butikker/volt.png;Volt;"""Klær og mote"",";['Herreklær'];https://www.voltfashion.com/no/;Nordisk herremote med stil.;false;false;false;false;"[barn""""klær""""mote""""komfort""]"",";;
Stayhard.no;assets/images/butikker/stayhard.png;Stayhard;"""Klær og mote"",";['Herreklær'];https://www.stayhard.no;Trendy herremote og tilbehør for menn.;false;false;false;false;"[barn""""klær""""mote""""komfort""]"",";;
DustinHome.no;assets/images/butikker/dustin.png;Dustin;"""Klær og mote"",";['Sko og tilbehør'];https://www.dustinhome.no/;For profesjonelle og privatpersoner: PC-er, skjermer, komponenter og nettverk fra kjente produsenter.;false;false;false;false;"[barn""""klær""""mote""""komfort""]"",";;
Glitter.no;assets/images/butikker/glitter.png;Glitter;"""Klær og mote"",";['Sko og tilbehør'];https://www.glitter.no;Smykker og hårtilbehør.;false;false;false;false;"[barn""""klær""""mote""""komfort""]"",";;
Morris.se;assets/images/butikker/morris.png;Morris;"""Klær og mote"",";['Sko og tilbehør'];https://morrisstockholm.com/sv;Vesker, lommebøker og reisetilbehør.;false;false;false;false;"[barn""""klær""""mote""""komfort""]"",";;
Specsavers.no;assets/images/butikker/specsavers.png;Specsavers;"""Klær og mote"",";['Sko og tilbehør'];https://www.specsavers.no;Briller, solbriller og tilbehør.;false;false;false;false;"[barn""""klær""""mote""""komfort""]"",";;
Sport1.no;assets/images/butikker/sport1.png;Sport1.no;"""Klær og mote"",";['Sko og tilbehør'];https://www.sport1.no;Sport1.no tilbyr sportsutstyr, fritidsklær og tilbehør for aktive livsstiler.;true;false;false;false;"[barn""""klær""""mote""""komfort""]"",";23;
Sportamore;assets/images/butikker/sportamore.png;Sportamore;"""Klær og mote"",";['Sko og tilbehør'];https://www.sportamore.no;Sportamore tilbyr sportsutstyr, fritidsklær og tilbehør for aktive livsstiler.;true;false;false;false;"[barn""""klær""""mote""""komfort""]"",";24;
XXL;assets/images/butikker/xxl.png;XXL;"""Klær og mote"",";['Sko og tilbehør'];https://www.xxl.no;XXL tilbyr sportsutstyr, fritidsklær og tilbehør for aktive livsstiler.;true;true;false;false;"[barn""""klær""""mote""""komfort""]"",";;
Footway;assets/images/butikker/footway.png;Footway;"""Klær og mote"",";['Sko og tilbehør'];https://www.footway.no;Footway tilbyr et bredt utvalg av sko og tilbehør for hele familien.;false;false;false;false;"[barn""""klær""""mote""""komfort""]"",";;
intersport.no;assets/images/butikker/intersport.png;Gsport;"""Klær og mote"",";['Sko og tilbehør'];https://www.intersport.no;"Alt innen ""Sport og fritid"",, inkludert klær, sko og treningsutstyr.";false;false;false;false;"[barn""""klær""""mote""""komfort""]"",";;
Sykkelpikene;assets/images/butikker/sykkelpikene.png;Sykkelpikene;"""Klær og mote"",";['Sko og tilbehør'];https://www.sykkelpikene.no;Norges koseligste nettbutikk for sykler og tilbehør.;false;false;false;false;"[barn""""klær""""mote""""komfort""]"",";;
AteljÃ© Margaretha;assets/images/butikker/margaretha.png;AteljÃ© Margaretha;"""Klær og mote"",";['Sko og tilbehør'];https://www.margaretha.no;Nettbutikk med broderier, garn, oppskrifter og tilbehør. Bli medlem i Club Margaretha for eksklusive hobbyprosjekter.;false;false;true;false;"[barn""""klær""""mote""""komfort""]"",";;
GetInspired.no;assets/images/butikker/getinspired.png;GetInspired.no;"""Klær og mote"",";['Sportsklær'];https://www.getinspired.no/;Get Inspired er en norsk nettbutikk som tilbyr treningstøy, sko og tilbehør for kvinner. De fokuserer på sporty og trendy produkter, og har et bredt utvalg fra kjente merker.;true;true;false;false;"[barn""""klær""""mote""""komfort""]"",";;true
Protein.no;assets/images/butikker/protein.png;Protein.no;"""Klær og mote"",";['Sportsklær'];https://www.protein.no;Norsk kosttilskuddsbutikk med protein, shaker og treningsklær.;false;false;false;false;"[barn""""klær""""mote""""komfort""]"",";;
Vinmonopolet;assets/images/butikker/vinmonopolet.png;Vinmonopolet;"""Mat og drikke"",";['Vin og brennevin'];https://www.vinmonopolet.no;"Vinmonopolet tilbyr smarte og morsomme ""Gaver og gadgets"", som skiller seg ut.";true;false;false;false;"[vin""""alkohol""""drikke""""nettbutikk""]"",";25;
Lampegiganten;assets/images/butikker/lampegiganten.png;Lampegiganten;"""Møbler og interiør"",";['Belysning'];https://www.lampegiganten.no;Alt innen belysning åtaklamper, vegglamper og LED.;false;false;false;false;"[lys""""lampe""""interiør""]"",";;
Kid Interiør;assets/images/butikker/kid.png;Kid Interiør;"""Møbler og interiør"",";['Dekor og interiør', 'Møbler'];https://www.kid.no;"Kid Interiør tilbyr praktiske og stilrene ""Møbler og interiør"", til alle rom i hjemmet.";false;true;false;false;"false[lys""""lampe""""interiør""]"",";17;
Nordic Nest;assets/images/butikker/nordicnest.png;Nordic Nest;"""Møbler og interiør"",";['Dekor og interiør'];https://www.nordicnest.no;Skandinavisk design ådekor, belysning og interiørprodukter.;false;false;false;false;"[lys""""lampe""""interiør""]"",";;
IKEA;assets/images/butikker/ikea.png;IKEA;"""Møbler og interiør"",";['Møbler'];https://www.ikea.com/no/no;"IKEA tilbyr praktiske og stilrene ""Møbler og interiør"", til alle rom i hjemmet.";true;true;false;false;"[lys""""lampe""""interiør""]""15,";15;
JYSK;assets/images/butikker/jysk.png;JYSK;"""Møbler og interiør"",";['Møbler'];https://jysk.no/;Skandinavisk interiør og møbler til gode priser.;false;false;false;false;"[lys""""lampe""""interiør""]"",";;
Skeidar;assets/images/butikker/skeidar.png;Skeidar;"""Møbler og interiør"",";['Møbler'];https://www.skeidar.no;"Kvalitets""Møbler og interiør"", til hjemmet.";false;false;false;false;"[lys""""lampe""""interiør""]"",";;
Chilli.no;assets/images/butikker/chilli.png;Chilli;"""Møbler og interiør"",";['Møbler'];https://www.chilli.no;"Moderne ""Møbler og interiør"", til gode priser.";false;false;false;false;"[lys""""lampe""""interiør""]"",";;
Furniturebox.no;assets/images/butikker/furniturebox.png;Furniturebox;"""Møbler og interiør"",";['Møbler'];https://www.furniturebox.no;"Stort utvalg av ""Møbler og interiør"", med rask levering.";false;false;false;false;"[lys""""lampe""""interiør""]"",";;
Møbelringen;assets/images/butikker/mobelringen.png;Møbelringen;"""Møbler og interiør"",";['Møbler'];https://www.mobelringen.no;"""Møbler og interiør"", til stue, soverom, kjøkken og mer.";false;false;false;false;"[lys""""lampe""""interiør""]"",";;
Jotex;assets/images/butikker/jotex.png;Jotex;"""Møbler og interiør"",";['Møbler'];https://www.jotex.no;Stilrene tekstiler, interiør og småmøbler til hjemmet.;false;false;false;false;"[lys""""lampe""""interiør""]"",";;
Morris;assets/images/butikker/morris.png;Morris;"""Reise og opplevelser"",";['Bager og kofferter'];https://www.morris.no;Stort utvalg av kofferter, bager og reisetilbehør.;false;false;true;false;"[reise""""bag""""koffert""""tur""]"",";;
Nomaden;assets/images/butikker/nomaden.png;Nomaden;"""Reise og opplevelser"",";['Reiseutstyr', 'Kart og guider'];https://nomaden.no;Spesialbutikk for reiseutstyr, kart og globetrottere.;false;false;false;true;"[reise""""bag""""koffert"",";;
Trip.com;assets/images/butikker/trip.png;Trip.com;"""Reise og opplevelser"",";['Reiseutstyr'];https://www.trip.com;Global reiseplattform for hotell, flybilletter, tog og leiebil – kjent for lavpris og bredt utvalg.;false;false;true;false;"[reise""""bag""""koffert""""tur""]"",";;
Neo Tokyo;assets/images/butikker/neotokyo.png;Neo Tokyo;"""Spill og underholdning"",";['Anime og manga', 'Figurer og samleobjekter'];https://www.neo-tokyo.no;Spesialist på japansk kultur: anime, manga, figurer, snacks og cosplay – ekte otaku-butikk!;false;false;false;true;"[anime""""manga""""figurer"",";;
Outland;assets/images/butikker/outland.png;Outland;"""Spill og underholdning"",";['Brettspill og kortspill', 'Anime og manga'];https://outland.no;Alt fra brettspill og manga til figurer og fantasy-bøker.;false;false;false;true;"[anime""""manga""""figurer"",";;
Platekompaniet;assets/images/butikker/platekompaniet.png;Platekompaniet;"""Spill og underholdning"",";['Film og musikk'];https://www.platekompaniet.no;"Platekompaniet tilbyr bøker, ""Spill og underholdning"", for hele familien.";true;false;true;false;"[anime""""manga""""figurer""""samleobjekter""]"",";20;
EMP Shop;assets/images/butikker/emp.png;EMP Shop;"""Spill og underholdning"",";['Gaming merch'];https://www.emp-shop.no;Spesialbutikk for fans av rock, metal, gaming og TV-serier – med klær, tilbehør og lisensierte produkter.;false;false;true;false;"[anime""""manga""""figurer""""samleobjekter""]"",";;
Gamezone;assets/images/butikker/gamezone.png;Gamezone;"""Spill og underholdning"",";['Konsoller og tilbehør', 'Figurer og samleobjekter'];https://gamezone.no;Brettspill, samlekort, figurer og alt for gamingentusiaster.;false;false;false;true;"false[anime""""manga""""figurer"",";;
Fjellsport.no;assets/images/butikker/fjellsport.png;Fjellsport.no;"""Sport og fritid"",";['Friluft og tur', 'Sportsutstyr'];https://www.fjellsport.no;Fjellsport.no tilbyr sportsutstyr, fritidsklær og tilbehør for aktive livsstiler.;false;true;false;false;"false[tur""""natur""""fritid"",";12;
Outnorth.no;assets/images/butikker/outnorth.png;Outnorth.no;"""Sport og fritid"",";['Friluft og tur'];https://www.outnorth.no;Friluftsliv og turprodukter av høy kvalitet.;false;false;false;false;"[tur""""natur""""fritid""""utstyr""]"",";;
Skitt Fiske;assets/images/butikker/skittfiske.png;Skitt Fiske;"""Sport og fritid"",";['Friluft og tur'];https://www.skittfiske.no;Fiskeutstyr, friluftsprodukter og jaktutstyr åfor hobby og tur.;false;false;false;false;"[tur""""natur""""fritid""""utstyr""]"",";;
Milrab;assets/images/butikker/milrab.png;Milrab;"""Sport og fritid"",";['Friluft og tur'];https://www.milrab.no;Utstyr for tur, taktisk bruk og friluftsliv med militær vri.;false;false;false;false;"[tur""""natur""""fritid""""utstyr""]"",";;
AntonSport.no;assets/images/butikker/antonsport.png;Anton Sport;"""Sport og fritid"",";['Sportsklær', 'Friluft og tur'];https://www.antonsport.no;Kvalitetsutstyr for sport og friluftsliv.;false;false;false;false;"false[tur""""natur""""fritid"",";;
Sportshopen.no;assets/images/butikker/sportshopen.png;Sportshopen.no;"""Sport og fritid"",";['Sportsutstyr'];https://www.sportshopen.no;"Utstyr for ""Sport og fritid"", til gode priser.";false;false;false;false;"[tur""""natur""""fritid""""utstyr""]"",";;
sportsmaster;assets/images/butikker/sportsmaster.png;Sport24.no;"""Sport og fritid"",";['Sportsutstyr'];https://www.sportsmaster.no;Sportsmaster er en spesialforretning og leverer alt av treningsapparater direkte fra fabrikk uten fordyrende mellomledd.;false;false;false;false;"[tur""""natur""""fritid""""utstyr""]"",";;
Oslo Sportslager;assets/images/butikker/oslosportslager.png;Oslo Sportslager;"""Sport og fritid""";['Sykkel og sykkelutstyr'];https://www.oslosportslager.no;Spesialister på ski, løping, sykkel og trening.;false;false;false;false;"[tur""""natur""""fritid""""utstyr""]"",";;
