name;image;alt;category;subcategory;url;description;topp25;forside;ny;annonse;tags;rank
Neo Tokyo;assets/images/butikker-webp/neotokyo.webp;;Spill og underholdning;"[\Anime og manga\""\""Figurer og samleobjekter\""]""";https://neotokyo.no;Norges beste utvalg i japansk popkultur, figurer og manga.;;;true;;"[\anime\""\""manga\""\""figurer\""\""samleobjekter\""]""";
Outland;assets/images/butikker-webp/outland.webp;Outland;Spill og underholdning;"[\Anime og manga\""]""";https://www.outland.no;Stort utvalg av manga, anime-figurer og merch.;false;false;true;false;"[\anime\""\""manga\""\""figurer\""\""japan\""]""";
Outland;assets/images/butikker-webp/outland.webp;Outland;Spill og underholdning;"[\Anime og manga\""]""";https://www.outland.no;Stort utvalg av manga, anime-figurer og merch.;false;false;true;false;"[\anime\""\""manga\""\""figurer\""\""japan\""]""";
Apotek1.no;assets/images/butikker-webp/apotek1.webp;Apotek 1;Helse og egenpleie;"[\Apotek og helseprodukter\""]""";https://www.apotek1.no;Apotek1.no tilbyr et bredt utvalg av medisiner, egenpleieprodukter og apotektjenester åalt levert rett hjem.;true;false;false;false;"[\helse\""\""apotek\""\""medisin\""\""vitaminer\""]""";1
Apotekhjem.no;assets/images/butikker-webp/apotekhjem.webp;Apotekhjem;Helse og egenpleie;"[\Apotek og helseprodukter\""]""";https://www.apotekhjem.no;Spesialisert apotek med hjemmelevering og fokus på eldre og kronikere.;false;false;false;false;"[\helse\""\""apotek\""\""medisin\""\""vitaminer\""]""";
Apotera.no;assets/images/butikker-webp/apotera.webp;Apotera;Helse og egenpleie;"[\Apotek og helseprodukter\""]""";https://www.apotera.no;Nytt nettapotek med stort fokus på pris og brukervennlighet.;false;false;false;false;"[\helse\""\""apotek\""\""medisin\""\""vitaminer\""]""";
Farmasiet;assets/images/butikker-webp/farmasiet.webp;Farmasiet;Helse og egenpleie;"[\Apotek og helseprodukter\""]""";https://www.farmasiet.no;Farmasiet tilbyr et bredt utvalg av medisiner, egenpleieprodukter og apotektjenester åalt levert rett hjem.;true;true;false;false;"[\helse\""\""apotek\""\""medisin\""\""vitaminer\""]""";11
KomplettApotek.no;assets/images/butikker-webp/komplettapotek.webp;Komplett Apotek;Helse og egenpleie;"[\Apotek og helseprodukter\""]""";https://www.komplettapotek.no;Digitalt apotek med lave priser og reseptbestilling rett på nett.;false;false;false;false;"[\helse\""\""apotek\""\""medisin\""\""vitaminer\""]""";
Mecindo.no;assets/images/butikker-webp/mecindo.webp;Mecindo.no;Helse og egenpleie;"[\Apotek og helseprodukter\""]""";https://www.mecindo.no/;;false;false;false;false;"[\helse\""\""apotek\""\""medisin\""\""vitaminer\""]""";
Vitusapotek.no;assets/images/butikker-webp/vitusapotek.webp;Vitusapotek;Helse og egenpleie;"[\Apotek og helseprodukter\""]""";https://www.vitusapotek.no;Trygt apotek på nett med legemidler, vitaminer, egenpleie og resepttjenester.;false;false;false;false;"[\helse\""\""apotek\""\""medisin\""\""vitaminer\""]""";
Jollyroom;assets/images/butikker-webp/jollyroom.webp;Jollyroom;Barn og baby;"[\Babyutstyr\""\""Leker\""]""";https://www.jollyroom.no;Nordens største barnebutikk på nett – alt til gravide, babyer og barn.;false;false;true;true;"[\barnebutikk\""\""leker\""\""utstyr\""\""baby\""\""gravid\""]""";
Babyverden.no;assets/images/butikker-webp/babyverden.webp;Babyverden;Barn og baby;"[\Babyutstyr\""]""";https://www.babyverden.no;Ressursside for gravide og småbarnsforeldre med produkter, artikler og forum.;false;false;true;false;"[\gravid\""\""baby\""\""utstyr\""\""foreldre\""]""";
AskeladdenNavnelapper.no;assets/images/butikker-webp/askeladden.webp;Askeladden;Barn og baby;"[\Babyutstyr\""]""";https://www.askeladdennavnelapper.no;Praktiske navnelapper for klær og utstyr.;false;false;false;false;"[\baby\""\""barnevogn\""\""bleier\""\""småbarn\""]""";
Mimmis.no;assets/images/butikker-webp/mimmis.webp;Mimmis;Barn og baby;"[\Babyutstyr\""]""";https://www.mimmis.no;Bilstoler, vogner, bæreseler og babyutstyr.;false;false;false;false;"[\baby\""\""barnevogn\""\""bleier\""\""småbarn\""]""";
Morris;assets/images/butikker-webp/morris.webp;;Reise og opplevelser;"[\Bager og kofferter\""]""";https://www.morris.no;Stort utvalg av kofferter, bager og reisetilbehør.;;;true;;"[\reise\""\""bag\""\""koffert\""\""tur\""]""";
Goboken;assets/images/butikker-webp/goboken.webp;Goboken;Barn og baby;"[\Barnebøker\""]""";https://www.goboken.no;Barnebøker tilpasset barnets alder, levert hjem hver måned.;false;false;true;false;"[\bøker\""\""barnebøker\""\""høytlesning\""\""barn\""\""lese\""]""";
Norli;assets/images/butikker-webp/norli.webp;Norli;Bøker og media;"[\Barnebøker\""]""";https://www.norli.no;Bredt utvalg av bøker for barn i alle aldre, inkludert skole- og eventyrbøker.;false;false;true;false;"[\barnebøker\""\""bøker\""\""eventyr\""\""barn\""]""";
Ark.no;assets/images/butikker-webp/ark.webp;Ark.no;Bøker og media;"[\Barnebøker\""]""";https://www.ark.no;Bestselgere, barnebøker, lydbøker og e-bøker.;false;false;true;false;"[\barn\""\""bøker\""\""lesing\""\""eventyr\""]""";
Lillelam;assets/images/butikker-webp/lillelam.webp;Lillelam;Barn og baby;"[\Barneklær\""]""";https://www.lillelam.no;Norsk ullklær til baby og barn – naturlig, myk og varig kvalitet.;false;false;true;false;"[\ullklær\""\""barneklær\""\""norsk design\""\""baby\""\""varme klær\""]""";
Cubus.no;assets/images/butikker-webp/cubus.webp;Cubus;Klær og mote;"[\Barneklær\""]""";https://cubus.com/no/;Cubus.no tilbyr produkter for barn og baby, med fokus på kvalitet, komfort og lek.;true;false;false;false;"[\barn\""\""klær\""\""mote\""\""komfort\""]""";8
Lekmer.no;assets/images/butikker-webp/lekmer.webp;Lekmer;Klær og mote;"[\Barneklær\""]""";https://lekmer.no;Lekmer.no tilbyr leker, klær og utstyr for barn i alle aldre.;false;false;false;false;"[\barn\""\""klær\""\""mote\""\""komfort\""]""";
Babyplan.no;assets/images/butikker-webp/babyplan.webp;Babyplan;Klær og mote;"[\Barneklær\""]""";https://www.babyplan.no;Produkter for prøvere, gravide og småbarnsforeldre.;false;false;false;false;"[\barn\""\""klær\""\""mote\""\""komfort\""]""";
Babyshop;assets/images/butikker-webp/babyshop-logo-200.jpg;Babyshop;Klær og mote;"[\Barneklær\""]""";https://www.babyshop.no;Babyshop tilbyr produkter for barn og baby, med fokus på kvalitet, komfort og lek.;true;true;false;false;"[\barn\""\""klær\""\""mote\""\""komfort\""]""";2
Barnas Hus;assets/images/butikker-webp/barnashus-logo.webp;Barnas Hus;Klær og mote;"[\Barneklær\""]""";https://www.barnashus.no;Barnas Hus tilbyr produkter for barn og baby, med fokus på kvalitet, komfort og lek.;true;false;false;false;"[\barn\""\""klær\""\""mote\""\""komfort\""]""";3
Barnevognhuset.no;assets/images/butikker-webp/barnevognhuset.webp;Barnevognhuset;Klær og mote;"[\Barneklær\""]""";https://www.barnevognhuset.no;Barnevogner og alt til trilletur og reise.;false;false;false;false;"[\barn\""\""klær\""\""mote\""\""komfort\""]""";
Ellos;assets/images/butikker-webp/ellos.webp;Ellos;Klær og mote;"[\Barneklær\""]""";https://www.ellos.no;Ellos tilbyr produkter for barn og baby, med fokus på kvalitet, komfort og lek.;true;false;false;false;"[\barn\""\""klær\""\""mote\""\""komfort\""]""";10
Extra Leker;assets/images/butikker-webp/extraleker.webp;Extra Leker;Klær og mote;"[\Barneklær\""]""";https://www.extra-leker.no;Leker og spill til barn i alle aldre.;false;false;false;false;"[\barn\""\""klær\""\""mote\""\""komfort\""]""";
Guttelus;assets/images/butikker-webp/guttelus-logo--200x201.jpg;Guttelus;Klær og mote;"[\Barneklær\""]""";https://www.guttelus.no;Guttelus tilbyr produkter for barn og baby, med fokus på kvalitet, komfort og lek.;true;false;false;false;"[\barn\""\""klær\""\""mote\""\""komfort\""]""";13
Jollyroom;assets/images/butikker-webp/jollyroom.jpg;Jollyroom;Klær og mote;"[\Barneklær\""]""";https://www.jollyroom.no;Jollyroom tilbyr produkter for barn og baby, med fokus på kvalitet, komfort og lek.;true;true;false;false;"[\barn\""\""klær\""\""mote\""\""komfort\""]""";16
Lekmer;assets/images/butikker-webp/lekmer.webp;Lekmer;Klær og mote;"[\Barneklær\""]""";https://www.lekmer.no;Leker, barneklær, barnevogner og interiør til barn.;false;false;false;false;"[\barn\""\""klær\""\""mote\""\""komfort\""]""";
Lilleprinsen.no;assets/images/butikker-webp/lilleprinsen.webp;Lilleprinsen;Klær og mote;"[\Barneklær\""]""";https://www.lilleprinsen.no;Babyutstyr og barneprodukter med fokus på kvalitet.;false;false;false;false;"[\barn\""\""klær\""\""mote\""\""komfort\""]""";
Nameit.com;assets/images/butikker-webp/nameit.webp;Name It;Klær og mote;"[\Barneklær\""]""";https://www.nameit.com/no-no/home;Moderne barneklær og mammaklær.;false;false;false;false;"[\barn\""\""klær\""\""mote\""\""komfort\""]""";
Rudo;assets/images/butikker-webp/rudo.webp;Rudo;Klær og mote;"[\Barneklær\""]""";https://www.rudo.no;Rudo tilbyr produkter for barn og baby, med fokus på kvalitet, komfort og lek.;true;false;false;false;"[\barn\""\""klær\""\""mote\""\""komfort\""]""";22
Smaaungene.no;assets/images/butikker-webp/smaaungene.webp;Smaaungene;Klær og mote;"[\Barneklær\""]""";https://www.smaaungene.no;Ullklær og praktisk utstyr for baby og barn.;false;false;false;false;"[\barn\""\""klær\""\""mote\""\""komfort\""]""";
Knertenogkaroline.no;assets/images/butikker-webp/knertenogkaroline.webp;Knerten og Karoline;Barn og baby;"[\Barneklær\""]""";https://www.knertenogkaroline.no;Klær og tilbehør til barn i alle aldre med fokus på nordisk stil og kvalitet.;false;false;true;false;"[\barneklær\""\""tilbehør\""\""baby\""\""mote\""]""";
Lampegiganten;assets/images/butikker-webp/lampegiganten.webp;Lampegiganten;Møbler og interiør;"[\Belysning\""]""";https://www.lampegiganten.no;Alt innen belysning åtaklamper, vegglamper og LED.;false;false;false;false;"[\lys\""\""lampe\""\""interiør\""]""";
Outland;assets/images/butikker-webp/outland.webp;;Spill og underholdning;"[\Brettspill og kortspill\""\""Anime og manga\""]""";https://www.outland.no;Alt fra brettspill og manga til figurer og fantasy-bøker.;;;true;;"[\anime\""\""manga\""\""figurer\""\""samleobjekter\""]""";
Adlibris;assets/images/butikker-webp/adlibris.webp;Adlibris;Bøker og media;"[\Bøker og e-bøker\""]""";https://www.adlibris.com/no;Bøker, filmer, musikk og spill.;false;false;false;false;"[\barn\""\""bøker\""\""lesing\""\""eventyr\""]""";
Bokkilden;assets/images/butikker-webp/bokkilden.webp;Bokkilden;Bøker og media;"[\Bøker og e-bøker\""]""";https://www.bokkilden.no;Bøker, filmer, musikk og spill.;false;false;false;false;"[\barn\""\""bøker\""\""lesing\""\""eventyr\""]""";
Norli.no;assets/images/butikker-webp/norli.webp;Norli;Bøker og media;"[\Bøker og e-bøker\""]""";https://www.norli.no;En av Norges største bokhandler med stort utvalg av bøker og e-bøker.;false;false;true;false;"[\barn\""\""bøker\""\""lesing\""\""eventyr\""]""";
Oda;assets/images/butikker-webp/oda.webp;Oda;Mat og drikke;"[\Dagligvarer\""]""";https://www.oda.com/no;Oda (tidl. Kolonial.no) leverer over 6000 varer hjem. App, hent selv eller få levert. 3 % rabatt, rask levering og høy kvalitet på ferskvarer.;false;false;true;false;"[\dagligvarer\""\""kolonial\""\""oda\""\""matbutikk\""]""";
Aboutyou.no;/assets/images/butikker/about-you.webp;About You;Klær og mote;"[\Dameklær\""]""";https://www.aboutyou.no;Stort utvalg av merker og mote.;false;false;false;false;"[\barn\""\""klær\""\""mote\""\""komfort\""]""";
BikBok.com;assets/images/butikker-webp/bik-bok.webp;Bik Bok;Klær og mote;"[\Dameklær\""]""";https://www.bikbok.com;Mote for unge kvinner.;false;false;false;false;"[\barn\""\""klær\""\""mote\""\""komfort\""]""";
Boozt;assets/images/butikker-webp/boozt.webp;Boozt;Klær og mote;"[\Dameklær\""]""";https://www.boozt.com;Boozt tilbyr moderne og tidløse klær for alle anledninger åbåde til dame, herre og barn.;true;true;false;false;"[\barn\""\""klær\""\""mote\""\""komfort\""]""";5
Bubbleroom.com;assets/images/butikker-webp/bubbleroom.webp;Bubbleroom;Klær og mote;"[\Dameklær\""]""";https://www.bubbleroom.com;Kjoler og festklær til dame.;false;false;false;false;"[\barn\""\""klær\""\""mote\""\""komfort\""]""";
H&M;assets/images/butikker-webp/hm.webp;H&M;Klær og mote;"[\Dameklær\""]""";https://www.hm.com/no;H&M tilbyr moderne og tidløse klær for alle anledninger åbåde til dame, herre og barn.;true;false;false;false;"[\barn\""\""klær\""\""mote\""\""komfort\""]""";14
Lindex.no;assets/images/butikker-webp/lindex.webp;Lindex;Klær og mote;"[\Dameklær\""]""";https://www.lindex.no;Klær og undertøy til dame og barn.;false;false;false;false;"[\barn\""\""klær\""\""mote\""\""komfort\""]""";
Miinto.no;assets/images/butikker-webp/miinto.webp;Miinto;Klær og mote;"[\Dameklær\""]""";https://www.miinto.no;Miinto samler klær og mote fra lokale butikker i Norge.;false;false;false;false;"[\barn\""\""klær\""\""mote\""\""komfort\""]""";
Nelly.com;assets/images/butikker-webp/nelly.webp;Nelly;Klær og mote;"[\Dameklær\""]""";https://www.nelly.com;Trendklær og kjoler for damer.;false;false;false;false;"[\barn\""\""klær\""\""mote\""\""komfort\""]""";
Zalando;assets/images/butikker-webp/zalando.webp;Zalando;Klær og mote;"[\Dameklær\""]""";https://www.zalando.no;Zalando tilbyr moderne og tidløse klær for alle anledninger åbåde til dame, herre og barn.;true;true;false;false;"[\barn\""\""klær\""\""mote\""\""komfort\""]""";
Zizzi.no;assets/images/butikker-webp/zizzi.webp;Zizzi;Klær og mote;"[\Dameklær\""]""";https://www.zizzi.no;Zizzi tilbyr moderne plussize-mote for kvinner med fokus på komfort og stil.;false;false;false;false;"[\barn\""\""klær\""\""mote\""\""komfort\""]""";
Kid Interiør;assets/images/butikker-webp/kid.webp;Kid Interiør;Møbler og interiør;"[\Dekor og interiør\""\""Møbler\""]""";https://www.kid.no;Kid Interiør tilbyr praktiske og stilrene møbler og interiør til alle rom i hjemmet.;true;false;false;false;"[\lys\""\""lampe\""\""interiør\""]""";17
Kremmerhuset;assets/images/butikker-webp/kremmerhuset.webp;Kremmerhuset;Møbler og interiør;"[\Dekor og interiør\""]""";https://www.kremmerhuset.no;Interiør og pynt til alle hjem – stilrent og moderne.;false;false;true;false;"[\interiør\""\""pynt\""\""dekor\""\""stil\""]""";
Kremmerhuset;assets/images/butikker-webp/kremmerhuset.webp;Kremmerhuset;Møbler og interiør;"[\Dekor og interiør\""]""";https://www.kremmerhuset.no;Interiør og pynt til alle hjem – stilrent og moderne.;false;false;true;false;"[\interiør\""\""pynt\""\""dekor\""\""stil\""]""";
Nordic Nest;assets/images/butikker-webp/nordicnest.webp;Nordic Nest;Møbler og interiør;"[\Dekor og interiør\""]""";https://www.nordicnest.no;Skandinavisk design ådekor, belysning og interiørprodukter.;false;false;false;false;"[\lys\""\""lampe\""\""interiør\""]""";
CChobby;assets/images/butikker-webp/cchobby.webp;CChobby;Hobby og DIY;"[\DIY kits og prosjekter\""]""";https://www.cchobby.no;Stor hobbybutikk med kreative produkter, DIY-kits og alt innen maling, papir, pynt og tilbehør.;false;false;true;false;"[\hobby\""\""gjør det selv\""\""byggesett\""]""";
Club Creo;assets/images/butikker-webp/clubcreo.webp;Club Creo;Hobby og DIY;"[\DIY kits og prosjekter\""]""";https://www.clubcreo.com/no;Prisvinnende abonnementstjeneste med kreative hobbykit for barn. Ny pakke hver måned, ingen bindingstid.;false;false;true;false;"[\hobby\""\""gjør det selv\""\""byggesett\""]""";
hobby247;assets/images/butikker-webp/hobby247.webp;hobby247;Hobby og DIY;"[\DIY kits og prosjekter\""]""";https://www.hobby247.no;Svensk hobbybutikk med norsk side. Alt innen strikking, sying, veving, leker og tilbehør. Toll og moms inkludert.;false;false;true;false;"[\hobby\""\""gjør det selv\""\""byggesett\""]""";
Hobbyhjørnet;assets/images/butikker-webp/hobbyhjornet.webp;Hobbyhjørnet;Hobby og DIY;"[\DIY kits og prosjekter\""]""";https://www.hobbyhjornet.no;Nettbutikk med hobbyartikler som perler, papir, skala modeller og dekor. Fri frakt over 1000 kr.;false;false;true;false;"[\hobby\""\""gjør det selv\""\""byggesett\""]""";
Panduro;assets/images/butikker-webp/panduro.webp;;Hobby og DIY;"[\DIY kits og prosjekter\""]""";https://www.panduro.com/nb-no;Skandinavias største hobbybutikk â€“ maling, perler og DIY.;;;true;;"[\hobby\""\""gjør det selv\""\""byggesett\""]""";
CDON;assets/images/butikker-webp/cdon.webp;CDON;Elektronikk og data;"[\Elektronikk\""]""";https://cdon.no;CDON tilbyr alt innen elektronikk, lyd, bilde og teknologi til konkurransedyktige priser.;true;false;false;false;"[\tech\""\""dings\""\""elektrisk\""\""teknologi\""]""";6
Clas Ohlson;assets/images/butikker-webp/clasohlson.webp;Clas Ohlson;Elektronikk og data;"[\Elektronikk\""]""";https://www.clasohlson.com/no/;Clas Ohlson tilbyr smarte og morsomme gaver og gadgets som skiller seg ut.;true;false;false;false;"[\tech\""\""dings\""\""elektrisk\""\""teknologi\""]""";7
ClasOhlson.no;assets/images/butikker-webp/clasohlson.webp;Clas Ohlson;Elektronikk og data;"[\Elektronikk\""]""";https://www.clasohlson.no;Praktiske løsninger for hjemmet åogså hodetelefoner og lyd.;false;false;false;false;"[\tech\""\""dings\""\""elektrisk\""\""teknologi\""]""";
Elkjøp;assets/images/butikker-webp/elkjop.webp;Elkjøp;Elektronikk og data;"[\Elektronikk\""]""";https://www.elkjop.no;Elkjøp tilbyr alt innen elektronikk, lyd, bilde og teknologi til konkurransedyktige priser.;true;true;false;false;"[\tech\""\""dings\""\""elektrisk\""\""teknologi\""]""";9
HiFiKlubben.no;assets/images/butikker-webp/hifiklubben.webp;HiFi Klubben;Elektronikk og data;"[\Elektronikk\""]""";https://www.hifiklubben.no;Høyttalere, forsterkere og lydprodukter i toppklasse.;false;false;false;false;"[\tech\""\""dings\""\""elektrisk\""\""teknologi\""]""";
iTech.no;assets/images/butikker-webp/itech.webp;iTech;Elektronikk og data;"[\Elektronikk\""]""";https://www.itech.no;Apple-produkter og tilbehør.;false;false;false;false;"[\tech\""\""dings\""\""elektrisk\""\""teknologi\""]""";
Kjell.com;assets/images/butikker-webp/kjell.webp;Kjell & Company;Elektronikk og data;"[\Elektronikk\""]""";https://www.kjell.com;Smarthus, kabler og småelektronikk.;false;false;false;false;"[\tech\""\""dings\""\""elektrisk\""\""teknologi\""]""";
Multicom.no;assets/images/butikker-webp/multicom.webp;Multicom;Elektronikk og data;"[\Elektronikk\""]""";https://www.multicom.no;Multicom tilbyr et bredt utvalg av datamaskiner, komponenter og tilbehør.;false;false;false;false;"[\tech\""\""dings\""\""elektrisk\""\""teknologi\""]""";
Soundgarden.no;assets/images/butikker-webp/soundgarden.webp;Soundgarden;Elektronikk og data;"[\Elektronikk\""]""";https://www.soundgarden.no;Hi-fi og hjemmekino for entusiaster.;false;false;false;false;"[\tech\""\""dings\""\""elektrisk\""\""teknologi\""]""";
Tek.no;assets/images/butikker-webp/tek.webp;Tek.no;Elektronikk og data;"[\Elektronikk\""]""";https://www.tek.no;Teknologinyheter og produktanbefalinger.;false;false;false;false;"[\tech\""\""dings\""\""elektrisk\""\""teknologi\""]""";
Teknikmagasinet.no;assets/images/butikker-webp/teknikmagasinet.webp;Teknikmagasinet;Elektronikk og data;"[\Elektronikk\""]""";https://www.teknikmagasinet.no;Gadgets, gaming og duppeditter.;false;false;false;false;"[\tech\""\""dings\""\""elektrisk\""\""teknologi\""]""";
Superhelten.no;assets/images/butikker-webp/superhelten.webp;Superhelten.no;Spill og underholdning;"[\Figurer og samleobjekter\""]""";https://www.superhelten.no;Figurer, popkultur og samlerobjekter for entusiaster og fans.;false;false;true;false;"[\samleobjekter\""\""figurer\""\""funko\""\""superhelt\""]""";
Superhelten.no;assets/images/butikker-webp/superhelten.webp;Superhelten.no;Spill og underholdning;"[\Figurer og samleobjekter\""]""";https://www.superhelten.no;Figurer, popkultur og samlerobjekter for entusiaster og fans.;false;false;true;false;"[\samleobjekter\""\""figurer\""\""funko\""\""superhelt\""]""";
Platekompaniet;assets/images/butikker-webp/platekompaniet.webp;Platekompaniet;Spill og underholdning;"[\Film og musikk\""]""";https://www.platekompaniet.no;Platekompaniet tilbyr bøker, spill og underholdning for hele familien.;true;false;true;false;"[\anime\""\""manga\""\""figurer\""\""samleobjekter\""]""";20
AntonSport.no;assets/images/butikker-webp/antonsport.webp;Anton Sport;Sport og fritid;"[\Friluft og tur\""\""Treningsklær\""]""";https://www.antonsport.no;Kvalitetsutstyr for sport og friluftsliv.;false;false;false;false;"[\tur\""\""natur\""\""fritid\""\""utstyr\""]""";
Fjellsport.no;assets/images/butikker-webp/fjellsport.webp;Fjellsport.no;Sport og fritid;"[\Friluft og tur\""\""Treningsutstyr\""]""";https://www.fjellsport.no;Fjellsport.no tilbyr sportsutstyr, fritidsklær og tilbehør for aktive livsstiler.;true;false;false;false;"[\tur\""\""natur\""\""fritid\""\""utstyr\""]""";12
Milrab;assets/images/butikker-webp/milrab.webp;Milrab;Sport og fritid;"[\Friluft og tur\""]""";https://www.milrab.no;Utstyr for tur, taktisk bruk og friluftsliv med militær vri.;false;false;false;false;"[\tur\""\""natur\""\""fritid\""\""utstyr\""]""";
Outnorth.no;assets/images/butikker-webp/outnorth.webp;Outnorth.no;Sport og fritid;"[\Friluft og tur\""]""";https://www.outnorth.no;Friluftsliv og turprodukter av høy kvalitet.;false;false;false;false;"[\tur\""\""natur\""\""fritid\""\""utstyr\""]""";
Skitt Fiske;assets/images/butikker-webp/skittfiske.webp;Skitt Fiske;Sport og fritid;"[\Friluft og tur\""]""";https://www.skittfiske.no;Fiskeutstyr, friluftsprodukter og jaktutstyr åfor hobby og tur.;false;false;false;false;"[\tur\""\""natur\""\""fritid\""\""utstyr\""]""";
Revir;assets/images/butikker-webp/revir.webp;Revir;Sport og fritid;"[\Friluft og tur\""]""";https://revir.no;Entusiastdrevet friluftslivsbutikk med fokus på kvalitet og unike produkter.;false;false;true;false;"[\tur\""\""natur\""\""friluft\""]""";
CoolStuff;assets/images/butikker-webp/coolstuff.webp;CoolStuff;Gaver og gadgets;"[\Gadgets og gaver\""]""";https://www.coolstuff.no;CoolStuff tilbyr smarte og morsomme gaver og gadgets som skiller seg ut.;true;true;false;false;"[\gaver\""\""dingser\""\""morsomt\""\""teknisk\""]""";
EnklereLiv.no;assets/images/butikker-webp/enklereliv.webp;Enklere Liv;Gaver og gadgets;"[\Gadgets og gaver\""]""";https://www.enklereliv.no;Smarte løsninger for hverdagen og praktiske produkter.;false;false;false;false;"[\gaver\""\""dingser\""\""morsomt\""\""teknisk\""]""";
Firebox;assets/images/butikker-webp/firebox.webp;Firebox;Gaver og gadgets;"[\Gadgets og gaver\""]""";https://www.firebox.com;Oppfinnsomme og morsomme gadgets og gaver.;false;false;false;false;"[\gaver\""\""dingser\""\""morsomt\""\""teknisk\""]""";
Printoz.no;assets/images/butikker-webp/printoz.webp;Printoz;Gaver og gadgets;"[\Gadgets og gaver\""]""";https://www.printoz.no;Personlige gaver, firmagaver og profilprodukter med trykk.;false;false;false;false;"[\gaver\""\""dingser\""\""morsomt\""\""teknisk\""]""";
Ting.no;assets/images/butikker-webp/ting.webp;Ting;Gaver og gadgets;"[\Gadgets og gaver\""]""";https://www.ting.no;Gaver, design og morsomme produkter for hjemmet.;false;false;false;false;"[\gaver\""\""dingser\""\""morsomt\""\""teknisk\""]""";
Grandado;assets/images/butikker-webp/grandado.webp;;Alt-mulig butikker;"[\Gadgets og tilbehør\""]""";https://nor.grandado.com/;Grandado er en internasjonal nettbutikk med et bredt utvalg av rimelige produkter, inkludert klær, elektronikk og husholdningsartikler. De fokuserer på kvalitetsprodukter til lave priser og arbeider for å redusere miljøpåvirkning gjennom nøye produktutvalg og kundetilbakemeldinger.;;;true;;"[\elektronikk\""\""dingser\""\""nyttig\""\""tech\""]""";
AliExpress;assets/images/butikker-webp/aliexpress.webp;;Alt-mulig butikker;"[\Gadgets og tilbehør\""]""";https://www.aliexpress.com;Verdens største markedsplass for billig tilbehør, klær, gadgets og mer. Frakt til Norge.;;;true;;"[\elektronikk\""\""dingser\""\""nyttig\""\""tech\""]""";
Banggood;assets/images/butikker-webp/banggood.webp;;Alt-mulig butikker;"[\Gadgets og tilbehør\""]""";https://www.banggood.com;Banggood tilbyr et bredt utvalg av gadgets, elektronikk og tilbehør med internasjonal frakt.;;;true;;"[\elektronikk\""\""dingser\""\""nyttig\""\""tech\""]""";
Joom;assets/images/butikker-webp/joom.webp;;Alt-mulig butikker;"[\Gadgets og tilbehør\""]""";https://www.joom.com;Joom er en nettbutikk med fokus på lave priser og gratis frakt på et bredt utvalg av produkter.;;;true;;"[\elektronikk\""\""dingser\""\""nyttig\""\""tech\""]""";
Temu;assets/images/butikker-webp/temu.webp;;Alt-mulig butikker;"[\Gadgets og tilbehør\""]""";https://www.temu.com;Temu tilbyr alt fra klær til gadgets med svært lave priser og rask frakt.;;;true;;"[\elektronikk\""\""dingser\""\""nyttig\""\""tech\""]""";
Wish;assets/images/butikker-webp/wish.webp;;Alt-mulig butikker;"[\Gadgets og tilbehør\""]""";https://www.wish.com;Wish er kjent for sine ekstremt lave priser på gadgets, klær og tilbehør.;;;true;;"[\elektronikk\""\""dingser\""\""nyttig\""\""tech\""]""";
EMP Shop;assets/images/butikker-webp/emp.webp;;Spill og underholdning;"[\Gaming merch\""]""";https://www.emp-shop.no;Merch og klær inspirert av spill, musikk og popkultur.;;;true;;"[\anime\""\""manga\""\""figurer\""\""samleobjekter\""]""";
NetOnNet.no;assets/images/butikker-webp/netonnet.webp;NetOnNet;Elektronikk og data;"[\Gamingutstyr og komponenter\""\""Elektronikk\""]""";https://www.netonnet.no;Direkte fra lageret åPC og skjermer.;false;false;false;false;"[\tech\""\""dings\""\""elektrisk\""\""teknologi\""]""";
Power.no;assets/images/butikker-webp/power.webp;Power;Elektronikk og data;"[\Gamingutstyr og komponenter\""\""Elektronikk\""]""";https://www.power.no;Power.no tilbyr alt innen elektronikk, lyd, bilde og teknologi til konkurransedyktige priser.;true;false;false;false;"[\tech\""\""dings\""\""elektrisk\""\""teknologi\""]""";21
SteelSeries;assets/images/butikker-webp/steelseries.webp;SteelSeries;Elektronikk og data;"[\Gamingutstyr og komponenter\""]""";https://steelseries.com;Verdenskjent merke for profesjonelle gaming-headset, tastatur og mus.;false;false;false;false;"[\tech\""\""dings\""\""elektrisk\""\""teknologi\""]""";
HyperX;assets/images/butikker-webp/hyperx.webp;HyperX;Elektronikk og data;"[\Gamingutstyr og komponenter\""]""";https://www.hyperxgaming.com;HyperX leverer hodetelefoner, gaming-stoler og annet tilbehør for spillere.;false;false;false;false;"[\tech\""\""dings\""\""elektrisk\""\""teknologi\""]""";
Komplett;assets/images/butikker-webp/komplett.webp;Komplett;Elektronikk og data;"[\Gamingutstyr og komponenter\""]""";https://www.komplett.no;Komplett tilbyr alt innen elektronikk, lyd, bilde og teknologi til konkurransedyktige priser.;true;true;false;false;"[\tech\""\""dings\""\""elektrisk\""\""teknologi\""]""";18
MaxGaming;assets/images/butikker-webp/hyperx.webp;MaxGaming;Elektronikk og data;"[\Gamingutstyr og komponenter\""]""";https://www.maxgaming.no;Spesialist på gamingtilbehør, mus, tastatur og utstyr for e-sport.;false;false;false;false;"[\tech\""\""dings\""\""elektrisk\""\""teknologi\""]""";
Proshop;assets/images/butikker-webp/proshop.webp;Proshop;Elektronikk og data;"[\Gamingutstyr og komponenter\""]""";https://www.proshop.no;Et bredt sortiment av datadeler, skjermer og gamingprodukter.;false;false;false;false;"[\tech\""\""dings\""\""elektrisk\""\""teknologi\""]""";
Razer;assets/images/butikker-webp/razer.webp;Razer;Elektronikk og data;"[\Gamingutstyr og komponenter\""]""";https://www.razer.com/eu-en/;Razer tilbyr premium spillutstyr og tilbehør for gamere.;false;false;false;false;"[\tech\""\""dings\""\""elektrisk\""\""teknologi\""]""";
Strikkemekka;assets/images/butikker-webp/strikkemekka.webp;;Hobby og DIY;"[\Garn og strikk\""]""";https://www.strikkemekka.no;Alt du trenger til strikking â€“ garn, pinner og oppskrifter.;;;true;;"[\hobby\""\""gjør det selv\""\""byggesett\""]""";
DHGate;assets/images/butikker-webp/dhgate.webp;;Alt-mulig butikker;"[\Grossist og dropshipping\""]""";https://www.dhgate.com;Populær engrosplattform for dropshipping og grossistvarer. Alt fra gadgets til klær.;;;true;;"[\elektronikk\""\""dingser\""\""nyttig\""\""tech\""]""";
Bjørnklær.no;assets/images/butikker-webp/bjornklader.webp;Bjørnklær.no;Klær og mote;"[\Herreklær\""]""";https://www.bjornklader.no;Arbeidsklær og fritidsklær for aktive mennesker.;false;false;false;false;"[\barn\""\""klær\""\""mote\""\""komfort\""]""";
Bogartstore.no;assets/images/butikker-webp/bogart.webp;Bogart;Klær og mote;"[\Herreklær\""]""";https://www.bogartstore.no;Klassisk og moderne herremote.;false;false;false;false;"[\barn\""\""klær\""\""mote\""\""komfort\""]""";
Dressmann.com;assets/images/butikker-webp/dressmann.webp;Dressmann;Klær og mote;"[\Herreklær\""]""";https://www.dressmann.com;Basisplagg og formelle klær.;false;false;false;false;"[\barn\""\""klær\""\""mote\""\""komfort\""]""";
JackAndJones.com;assets/images/butikker-webp/jack-og-jones.webp;Jack & Jones;Klær og mote;"[\Herreklær\""]""";https://www.jackjones.com;Moderne herremote for menn.;false;false;false;false;"[\barn\""\""klær\""\""mote\""\""komfort\""]""";
Stayhard.no;assets/images/butikker-webp/stayhard.webp;Stayhard;Klær og mote;"[\Herreklær\""]""";https://www.stayhard.no;Trendy herremote og tilbehør for menn.;false;false;false;false;"[\barn\""\""klær\""\""mote\""\""komfort\""]""";
Volt.no;assets/images/butikker-webp/volt.webp;Volt;Klær og mote;"[\Herreklær\""]""";https://www.voltfashion.com/no/;Nordisk herremote med stil.;false;false;false;false;"[\barn\""\""klær\""\""mote\""\""komfort\""]""";
Coverbrands.no;assets/images/butikker-webp/coverbrands.webp;Coverbrands.no;Helse og egenpleie;"[\Hud- og kroppspleie\""]""";https://coverbrands.no/;;false;false;false;false;"[\helse\""\""apotek\""\""medisin\""\""vitaminer\""]""";
Blivakker.no;assets/images/butikker-webp/blivakker.webp;Blivakker;Helse og egenpleie;"[\Hudpleie\""]""";https://www.blivakker.no;Skjønnhetsprodukter og hudpleie på nett.;true;true;false;false;"[\helse\""\""apotek\""\""medisin\""\""vitaminer\""]""";4
Blush.no;assets/images/butikker-webp/blush.webp;Blush.no;Helse og egenpleie;"[\Hår- og skjønnhetspleie\""]""";https://www.blush.no/;;false;false;false;false;"[\helse\""\""apotek\""\""medisin\""\""vitaminer\""]""";
Lyko.no;assets/images/butikker-webp/lyko.webp;Lyko.no;Helse og egenpleie;"[\Hår- og skjønnhetspleie\""]""";https://www.lyko.com/no;;false;false;false;false;"[\helse\""\""apotek\""\""medisin\""\""vitaminer\""]""";
Kartbutikken.no;assets/images/butikker-webp/kartbutikken.webp;Kartbutikken;Reise og opplevelser;"[\Kart og guider\""]""";https://www.kartbutikken.no;Norges ledende leverandør av kart, turguider og orienteringsmateriell.;false;false;true;false;"[\kart\""\""tur\""\""norge\""\""opplevelse\""]""";
LightInTheBox;assets/images/butikker-webp/lightinthebox.webp;;Alt-mulig butikker;"[\Kles- og livsstilsbutikker\""]""";https://www.lightinthebox.com/no;Kjent global nettbutikk med klær, tilbehør, interiør og gadgets. Lave priser og direkte frakt.;;;true;;"[\elektronikk\""\""dingser\""\""nyttig\""\""tech\""]""";
Gamezone;assets/images/butikker-webp/gamezone.webp;Gamezone;Spill og underholdning;"[\Konsoller og tilbehør\""\""Figurer og samleobjekter\""]""";https://www.gamezone.no;Brettspill, samlekort, figurer og alt for gamingentusiaster.;false;false;true;false;"[\anime\""\""manga\""\""figurer\""\""samleobjekter\""]""";
LookFantastic;assets/images/butikker-webp/lookfantastic.webp;;Helse og egenpleie;"[\Kosmetikk og sminke\""]""";https://no.lookfantastic.com/;Internasjonal skjønnhetsbutikk med stort utvalg og rask frakt til Norge.;;;true;;"[\helse\""\""apotek\""\""medisin\""\""vitaminer\""]""";
Lekmer;assets/images/butikker-webp/lekmer.webp;Lekmer;Barn og baby;"[\Leker\""\""Barneklær\""]""";https://www.lekmer.no;Stort utvalg av leker, spill, barneklær og barneutstyr til gode priser.;false;false;true;false;"[\leker\""\""spill\""\""baby\""\""klær\""\""familie\""]""";
Litenogtøff.no;assets/images/butikker-webp/litenogtoff.webp;Liten og Tøff;Barn og baby;"[\Leker\""]""";https://www.litenogtoff.no;Unike klær, leker og tilbehør for små tøffinger.;false;false;true;false;"[\leker\""\""barn\""\""baby\""\""gaver\""]""";
Lekeakademiet.no;assets/images/butikker-webp/lekeakademiet.webp;Lekeakademiet;Barn og baby;"[\Leker\""]""";https://www.lekeakademiet.no;Leker som stimulerer barns utvikling og læring.;false;false;false;false;"[\baby\""\""barnevogn\""\""bleier\""\""småbarn\""]""";
Lekia;assets/images/butikker-webp/lekia.webp;Lekia;Barn og baby;"[\Leker\""]""";https://www.lekia.no;Lekia tilbyr produkter for barn og baby, med fokus på kvalitet, komfort og lek.;true;false;false;false;"[\baby\""\""barnevogn\""\""bleier\""\""småbarn\""]""";19
RiktigeLeker.no;assets/images/butikker-webp/sprell.webp;Riktige Leker;Barn og baby;"[\Leker\""]""";https://www.riktigeleker.no;Kvalitetsleker og babyleker for alle aldre.;false;false;false;false;"[\baby\""\""barnevogn\""\""bleier\""\""småbarn\""]""";
Power;assets/images/butikker-webp/power.webp;Power;Elektronikk og data;"[\Lyd og bilde\""]""";https://www.power.no;TV-er, lydanlegg, hodetelefoner og tilbehør fra kjente merker.;false;false;true;false;"[\hifi\""\""tv\""\""høyttaler\""\""lyd\""]""";
HiFi Klubben;assets/images/butikker-webp/hifiklubben.webp;HiFi Klubben;Elektronikk og data;"[\Lyd og bilde\""]""";https://www.hifiklubben.no/;;false;false;false;false;"[\tech\""\""dings\""\""elektrisk\""\""teknologi\""]""";
Fabel;assets/images/butikker-webp/fabel.webp;;Bøker og media;"[\Lyd- og lydbøker\""]""";https://www.fabel.no;Norsk strømmetjeneste for lydbøker og fortellinger.;;;true;;"[\barn\""\""bøker\""\""lesing\""\""eventyr\""]""";
Fabel;assets/images/butikker-webp/fabel.webp;Fabel;Bøker og media;"[\Lyd- og lydbøker\""]""";https://www.fabel.no;Norsk tjeneste for strømming av lydbøker og fortellinger.;false;false;true;false;"[\lydbøker\""\""bøker\""\""barn\""\""eventyr\""]""";
Godt Levert;assets/images/butikker-webp/godtlevert.webp;Godt Levert;Mat og drikke;"[\Matkasser\""]""";https://www.godtlevert.no;Godtlevert.no tilbyr matkasser med oppskrifter og ingredienser levert hjem. Ingen bindingstid. Hverdagskassen, Premium, Barnekassen m.fl.;false;false;true;false;"[\matkasse\""\""middag\""\""rabatt\""\""familiekasse\""]""";
Kokkeløren;assets/images/butikker-webp/kokkeloren.webp;Kokkeløren;Mat og drikke;"[\Matkasser\""]""";https://www.kokkeloeren.no;Kokkeløren tilbyr matkasser med gode råvarer. 3 middager hver uke med kjøtt, fisk eller vegetar. Levering i Oslo og Bærum.;false;false;true;false;"[\matkasse\""\""kokkeløren\""\""middag\""\""oslo\""]""";
HelloFresh;assets/images/butikker-webp/hellofresh.webp;HelloFresh;Mat og drikke;"[\Matkasser\""]""";https://www.hellofresh.no;HelloFresh lar deg skreddersy din meny fra varierte oppskrifter. Ferske råvarer, vegetar, familievennlig og raskt. Rabatter på de første kassene.;false;false;true;false;"[\hellofresh\""\""matkasse\""\""vegetar\""\""rabatt\""]""";
Spis Riktig;assets/images/butikker-webp/spis-riktig.webp;Spis Riktig;Mat og drikke;"[\Matkasser\""]""";https://www.spisriktig.no;Spis Riktig tilbyr ferdiglagde og sunne måltider levert hjem, med fokus på kalorikontroll. Ingen bindingstid. Levering i deler av Østlandet.;false;false;true;false;"[\sunn mat\""\""kalorikontroll\""\""matkasse\""\""student\""]""";
Adams Matkasse;assets/images/butikker-webp/adams.webp;Adams Matkasse;Mat og drikke;"[\Matkasser\""]""";https://www.adamsmatkasse.no;Adams Matkasse gir deg ingredienser og oppskrifter tilpasset tidsklemma og familier. Flere kasser: for to, sunne, fri-for osv. Trygg e-Handel sertifisert.;false;false;true;false;"[\matkasse\""\""familie\""\""middag\""\""trygg handel\""]""";
Elkjøp;assets/images/butikker-webp/elkjop.webp;Elkjøp;Elektronikk og data;"[\Mobil og nettbrett\""]""";https://www.elkjop.no;Stort utvalg av mobiler, nettbrett og tilbehør til konkurransedyktige priser.;false;false;true;false;"[\mobil\""\""nettbrett\""\""elektronikk\""\""teknologi\""]""";
Telenor.no;assets/images/butikker-webp/telenor.webp;Telenor.no;Elektronikk og data;"[\Mobil og nettbrett\""]""";https://www.telenor.no/;;false;false;false;false;"[\tech\""\""dings\""\""elektrisk\""\""teknologi\""]""";
Telia.no;assets/images/butikker-webp/telia.webp;Telia.no;Elektronikk og data;"[\Mobil og nettbrett\""]""";https://www.telia.no/;;false;false;false;false;"[\tech\""\""dings\""\""elektrisk\""\""teknologi\""]""";
IKEA;assets/images/butikker-webp/ikea.webp;IKEA;Møbler og interiør;"[\Møbler\""]""";https://www.ikea.com/no/no;IKEA tilbyr praktiske og stilrene møbler og interiør til alle rom i hjemmet.;true;true;false;false;"[\lys\""\""lampe\""\""interiør\""]""";15
JYSK;assets/images/butikker-webp/jysk.webp;JYSK;Møbler og interiør;"[\Møbler\""]""";https://jysk.no/;Skandinavisk interiør og møbler til gode priser.;false;false;false;false;"[\lys\""\""lampe\""\""interiør\""]""";
Chilli.no;assets/images/butikker-webp/chilli.webp;Chilli;Møbler og interiør;"[\Møbler\""]""";https://www.chilli.no;Moderne møbler og interiør til gode priser.;false;false;false;false;"[\lys\""\""lampe\""\""interiør\""]""";
Furniturebox.no;assets/images/butikker-webp/furniturebox.webp;Furniturebox;Møbler og interiør;"[\Møbler\""]""";https://www.furniturebox.no;Stort utvalg av møbler og interiør med rask levering.;false;false;false;false;"[\lys\""\""lampe\""\""interiør\""]""";
Jotex;assets/images/butikker-webp/jotex.webp;Jotex;Møbler og interiør;"[\Møbler\""]""";https://www.jotex.no;Stilrene tekstiler, interiør og småmøbler til hjemmet.;false;false;false;false;"[\lys\""\""lampe\""\""interiør\""]""";
Møbelringen;assets/images/butikker-webp/mobelringen.webp;Møbelringen;Møbler og interiør;"[\Møbler\""]""";https://www.mobelringen.no;Møbler og interiør til stue, soverom, kjøkken og mer.;false;false;false;false;"[\lys\""\""lampe\""\""interiør\""]""";
Skeidar;assets/images/butikker-webp/skeidar.webp;Skeidar;Møbler og interiør;"[\Møbler\""]""";https://www.skeidar.no;Kvalitetsmøbler og interiør til hjemmet.;false;false;false;false;"[\lys\""\""lampe\""\""interiør\""]""";
Sunkost;assets/images/butikker-webp/sunkost.webp;Sunkost;Helse og egenpleie;"[\Naturlige produkter\""]""";https://www.sunkost.no;Kosttilskudd, naturlige pleieprodukter og helsekost.;false;false;true;false;"[\naturlig\""\""helse\""\""kosttilskudd\""\""velvære\""]""";
Life.no;assets/images/butikker-webp/life.webp;Life;Helse og egenpleie;"[\Naturlige produkter\""]""";https://www.life.no;Helsekost og naturlig velvære.;false;false;false;false;"[\helse\""\""apotek\""\""medisin\""\""vitaminer\""]""";
Sunkost.no;assets/images/butikker-webp/sunkost.webp;Sunkost;Helse og egenpleie;"[\Naturlige produkter\""]""";https://www.sunkost.no;Kosttilskudd, vitaminer og naturlig egenpleie.;false;false;false;false;"[\helse\""\""apotek\""\""medisin\""\""vitaminer\""]""";
Proshop.no;assets/images/butikker-webp/proshop.webp;Proshop.no;Elektronikk og data;"[\PC og tilbehør\""]""";https://www.proshop.no/;;false;false;false;false;"[\tech\""\""dings\""\""elektrisk\""\""teknologi\""]""";
Elefun;assets/images/butikker-webp/elefun.webp;Elefun;Hobby og DIY;"[\Radiostyrte produkter\""]""";https://www.elefun.no;Norges største utvalg av radiostyrte produkter som biler, fly, båter og droner. Rask levering.;false;false;true;false;"[\hobby\""\""gjør det selv\""\""byggesett\""]""";
Nomaden;assets/images/butikker-webp/nomaden.webp;;Reise og opplevelser;"[\Reiseutstyr\""\""Kart og guider\""]""";https://www.nomaden.no;Spesialbutikk for reiseutstyr, kart og globetrottere.;;;true;;"[\reise\""\""bag\""\""koffert\""\""tur\""]""";
Nomaden;assets/images/butikker-webp/nomaden.webp;Nomaden;Reise og opplevelser;"[\Reiseutstyr\""]""";https://www.nomaden.no;Alt innen reiseutstyr, guidebøker, kart og pakkeløsninger.;false;false;true;false;"[\reise\""\""bag\""\""kart\""\""tur\""]""";
Nomaden;assets/images/butikker-webp/nomaden.webp;Nomaden;Reise og opplevelser;"[\Reiseutstyr\""]""";https://www.nomaden.no;Alt innen reiseutstyr, guidebøker, kart og pakkeløsninger.;false;false;true;false;"[\reise\""\""bag\""\""kart\""\""tur\""]""";
Trip.com;assets/images/butikker-webp/trip.webp;;Reise og opplevelser;"[\Reiseutstyr\""]""";https://www.trip.com;En av verdens største reiseplattformer med hotell, fly og tog. Affiliate-støttet.;;;true;;"[\reise\""\""bag\""\""koffert\""\""tur\""]""";
Morris.se;assets/images/butikker-webp/morris.webp;Morris;Klær og mote;"[\Sko og tilbehør\""]""";https://morrisstockholm.com/sv;Vesker, lommebøker og reisetilbehør.;false;false;false;false;"[\barn\""\""klær\""\""mote\""\""komfort\""]""";
DustinHome.no;assets/images/butikker-webp/dustin.webp;Dustin;Klær og mote;"[\Sko og tilbehør\""]""";https://www.dustinhome.no/;Stort utvalg av datautstyr og tilbehør.;false;false;false;false;"[\barn\""\""klær\""\""mote\""\""komfort\""]""";
Footway;assets/images/butikker-webp/footway.webp;Footway;Klær og mote;"[\Sko og tilbehør\""]""";https://www.footway.no;Footway tilbyr et bredt utvalg av sko og tilbehør for hele familien.;false;false;false;false;"[\barn\""\""klær\""\""mote\""\""komfort\""]""";
Glitter.no;assets/images/butikker-webp/glitter.webp;Glitter;Klær og mote;"[\Sko og tilbehør\""]""";https://www.glitter.no;Smykker og hårtilbehør.;false;false;false;false;"[\barn\""\""klær\""\""mote\""\""komfort\""]""";
AteljÃ© Margaretha;assets/images/butikker-webp/margaretha.webp;AteljÃ© Margaretha;Klær og mote;"[\Sko og tilbehør\""]""";https://www.margaretha.no;Nettbutikk med broderier, garn, oppskrifter og tilbehør. Bli medlem i Club Margaretha for eksklusive hobbyprosjekter.;false;false;true;false;"[\barn\""\""klær\""\""mote\""\""komfort\""]""";
Specsavers.no;assets/images/butikker-webp/specsavers.webp;Specsavers;Klær og mote;"[\Sko og tilbehør\""]""";https://www.specsavers.no;Briller, solbriller og tilbehør.;false;false;false;false;"[\barn\""\""klær\""\""mote\""\""komfort\""]""";
Sport1.no;assets/images/butikker-webp/sport1.webp;Sport1.no;Klær og mote;"[\Sko og tilbehør\""]""";https://www.sport1.no;Sport1.no tilbyr sportsutstyr, fritidsklær og tilbehør for aktive livsstiler.;true;false;false;false;"[\barn\""\""klær\""\""mote\""\""komfort\""]""";23
Sportamore;assets/images/butikker-webp/sportamore.webp;Sportamore;Klær og mote;"[\Sko og tilbehør\""]""";https://www.sportamore.no;Sportamore tilbyr sportsutstyr, fritidsklær og tilbehør for aktive livsstiler.;true;false;false;false;"[\barn\""\""klær\""\""mote\""\""komfort\""]""";24
Sykkelpikene;assets/images/butikker-webp/sykkelpikene.webp;Sykkelpikene;Klær og mote;"[\Sko og tilbehør\""]""";https://www.sykkelpikene.no;Norges koseligste nettbutikk for sykler og tilbehør.;false;false;false;false;"[\barn\""\""klær\""\""mote\""\""komfort\""]""";
XXL;assets/images/butikker-webp/xxl.webp;XXL;Klær og mote;"[\Sko og tilbehør\""]""";https://www.xxl.no;XXL tilbyr sportsutstyr, fritidsklær og tilbehør for aktive livsstiler.;true;true;false;false;"[\barn\""\""klær\""\""mote\""\""komfort\""]""";
nordicfeel.no;assets/images/butikker-webp/nordicfeel.webp;nordicfeel.no;Helse og egenpleie;"[\Sminke og kosmetikk\""]""";https://www.nordicfeel.no/;;false;false;false;false;"[\helse\""\""apotek\""\""medisin\""\""vitaminer\""]""";
GetInspired.no;assets/images/butikker-webp/getinspired.webp;GetInspired.no;Klær og mote;"[\Sportsklær\""]""";https://www.getinspired.no/;;true;true;false;false;"[\barn\""\""klær\""\""mote\""\""komfort\""]""";
Protein.no;assets/images/butikker-webp/protein.webp;Protein.no;Klær og mote;"[\Sportsklær\""]""";https://www.protein.no;Norsk kosttilskuddsbutikk med protein, shaker og treningsklær.;false;false;false;false;"[\barn\""\""klær\""\""mote\""\""komfort\""]""";
Get Inspired;assets/images/butikker-webp/getinspired.webp;Get Inspired;Sport og fritid;"[\Sportsklær\""]""";https://www.getinspired.no;Treningsklær og sporty mote for kvinner.;false;false;true;false;"[\sport\""\""klær\""\""trening\""\""outfit\""]""";
Get Inspired;assets/images/butikker-webp/getinspired.webp;Get Inspired;Sport og fritid;"[\Sportsklær\""]""";https://www.getinspired.no;Treningsklær og sporty mote for kvinner.;false;false;true;false;"[\sport\""\""klær\""\""trening\""\""outfit\""]""";
BikeBrother;assets/images/butikker-webp/bikebrother.webp;BikeBrother;Sport og fritid;"[\Sykkel og sykkelutstyr\""]""";https://www.bikebrother.no;Norsk nettbutikk med stort utvalg av sykkelutstyr og komponenter.;false;false;true;false;"[\sykkel\""\""utstyr\""\""friluft\""\""fritid\""]""";
Oslo Sportslager;assets/images/butikker-webp/oslosportslager.webp;Oslo Sportslager;Sport og fritid;"[\Sykkel og sykkelutstyr\""]""";https://www.oslosportslager.no;Spesialister på ski, løping, sykkel og trening.;false;false;false;false;"[\tur\""\""natur\""\""fritid\""\""utstyr\""]""";
Sykkeloutlet;assets/images/butikker-webp/sykkeloutlet.webp;Sykkeloutlet;Sport og fritid;"[\Sykkel og sykkelutstyr\""]""";https://www.sykkeloutlet.no;Norges billigste sykkelbutikk med stort utvalg av utstyr.;false;false;true;false;"[\sykkel\""\""utstyr\""\""outlet\""]""";
Gymgrossisten.no;assets/images/butikker-webp/gymgrossisten.webp;Gymgrossisten.no;Helse og egenpleie;"[\Trening og velvære\""]""";https://www.gymgrossisten.no/;Kosttilskudd, treningsutstyr og helseprodukter.;false;false;false;false;"[\helse\""\""apotek\""\""medisin\""\""vitaminer\""]""";
intersport.no;assets/images/butikker-webp/intersport.webp;Gsport;Sport og fritid;"[\Treningsklær\""]""";https://www.intersport.no;Alt innen sport og fritid, inkludert klær, sko og treningsutstyr.;false;false;false;false;"[\barn\""\""klær\""\""mote\""\""komfort\""]""";
Famme;assets/images/butikker-webp/famme.webp;Famme;Sport og fritid;"[\Treningsklær\""]""";https://famme.no;Spesialiserer seg på treningsklær og athleisure for kvinner.;false;false;true;false;"[\treningsklær\""\""kvinner\""\""tights\""]""";
Sportshopen.no;assets/images/butikker-webp/sportshopen.webp;Sportshopen.no;Sport og fritid;"[\Treningsutstyr\""]""";https://www.sportshopen.no;Utstyr for sport og fritid til gode priser.;false;false;false;false;"[\tur\""\""natur\""\""fritid\""\""utstyr\""]""";
sportsmaster;assets/images/butikker-webp/sportsmaster.webp;Sport24.no;Sport og fritid;"[\Treningsutstyr\""]""";https://www.sportsmaster.no;Sportsmaster er en spesialforretning og leverer alt av treningsapparater direkte fra fabrikk uten fordyrende mellomledd.;false;false;false;false;"[\tur\""\""natur\""\""fritid\""\""utstyr\""]""";
Gymgrossisten;assets/images/butikker-webp/gymgrossisten.webp;Gymgrossisten;Sport og fritid;"[\Treningsutstyr\""]""";https://www.gymgrossisten.no;Kosttilskudd, treningsklær og treningsutstyr.;true;false;true;false;"[\kosttilskudd\""\""styrke\""\""fitness\""]""";
BeerGear;assets/images/butikker-webp/beergear.webp;BeerGear;Mat og drikke;"[\Vin og bartilbehør\""]""";https://www.beergear.no;Utstyr og gadgets for ølentusiaster – glass, tappesystemer, tilbehør.;;;true;;"[\øl\""\""ølbrygging\""\""gaver\""\""glass\""]""";
Ølbrygging.no;assets/images/butikker-webp/olbrygging.webp;Ølbrygging.no;Mat og drikke;"[\Vin og bartilbehør\""]""";https://www.olbrygging.no;Utstyr og gadgets for ølentusiaster – glass, tappesystemer, tilbehør.;;;true;;"[\øl\""\""ølbrygging\""\""gaver\""\""glass\""]""";
WineandBarrels;assets/images/butikker-webp/wineandbarrels.webp;WineandBarrels;Mat og drikke;"[\Vin og bartilbehør\""]""";https://www.wineandbarrels.no;Eksklusive produkter for vinelskere – oppbevaring, fat og gaveartikler.;;;true;;"[\vin\""\""fat\""\""vinskap\""\""luksus\""]""";
Vinlagringskompaniet;assets/images/butikker-webp/vinlagringskompaniet.webp;Vinlagringskompaniet;Mat og drikke;"[\Vin og bartilbehør\""]""";https://www.vinlagringskompaniet.no;Vinlagringsskap, hyller, termometre og kjølesystemer for vin.;;;true;;"[\vinlagring\""\""vinskap\""\""kjøling\""\""oppbevaring\""]""";
Brewshop;assets/images/butikker-webp/brewshop.webp;Brewshop;Mat og drikke;"[\Vin og bartilbehør\""]""";https://www.brewshop.no;Alt innen bryggeutstyr for øl og vin. Ingredienser og tilbehør for hjemmebrygging.;;;true;;"[\brygging\""\""ølsett\""\""vinsett\""\""tilbehør\""]""";
Netthandelen;assets/images/butikker-webp/netthandelen.webp;Netthandelen;Mat og drikke;"[\Vin og bartilbehør\""]""";https://www.netthandelen.no;Variert utvalg av produkter – også bryggeutstyr, glass og vinoppbevaring.;;;true;;"[\vin\""\""øl\""\""bar\""\""tilbud\""]""";
Barlife;assets/images/butikker-webp/barlife.webp;Barlife;Mat og drikke;"[\Vin og bartilbehør\""]""";https://www.barlife.no;Alt du trenger for hjemmebaren – glass, shakere, bartilbehør og mer.;;;true;;"[\barutstyr\""\""bartilbehør\""\""drikke\""]""";
Barshopen;assets/images/butikker-webp/barshopen.webp;Barshopen;Mat og drikke;"[\Vin og bartilbehør\""]""";https://www.barshopen.no;Nettbutikk med bredt utvalg av bartilbehør, glass og bryggeutstyr.;;;true;;"[\shaker\""\""bar\""\""vinutstyr\""]""";
Vinskap.no;assets/images/butikker-webp/vinskap.webp;Vinskap.no;Mat og drikke;"[\Vin og bartilbehør\""]""";https://www.vinskap.no;Eksperter på vinskap, kjøling og tilbehør. For vinkjellere og hjem.;;;true;;"[\vinskap\""\""vinlagring\""\""kjøleskap\""]""";
Vinmonopolet;assets/images/butikker-webp/vinmonopolet.webp;Vinmonopolet;Mat og drikke;"[\Vin og brennevin\""]""";https://www.vinmonopolet.no;Vinmonopolet tilbyr smarte og morsomme gaver og gadgets som skiller seg ut.;true;false;false;false;"[\vin\""\""alkohol\""\""drikke\""\""nettbutikk\""]""";25
